hgvs_pro,DN_reporter_score
p.A129S,-0.259428029
p.A138P,0.499872509
p.A276D,0.600320589
p.A276G,0.278988206
p.A347D,-0.439078776
p.A74V,-0.465960549
p.A84T,-0.004774164
p.C135G,0.506549684
p.C141Y,0.627266692
p.C176F,0.586379145
p.C176Y,0.761739585
p.C238F,0.70818869
p.C238R,0.716986617
p.C238S,0.707298688
p.C238W,0.663924147
p.C238Y,0.545210613
p.C242R,0.671730879
p.C242Y,0.626213499
p.C275R,0.730378414
p.C275W,0.678069693
p.C275Y,0.805222194
p.D281G,0.403835667
p.D281N,0.392590998
p.D281V,0.440221229
p.D281Y,0.575947567
p.D48E,-0.092408515
p.D49N,0.019632485
p.D7E,-0.013755172
p.E180K,0.44830346
p.E258K,0.46316161
p.E285K,0.636004249
p.E285V,0.03638661
p.E286K,0.542884878
p.E298K,0.07991485
p.E388A,-0.316400726
p.F109V,0.563131992
p.F134C,0.470404841
p.F134L,0.727602302
p.F270S,0.699692852
p.F54L,0.04749318
p.G105S,0.218554944
p.G199V,0.515517906
p.G244D,0.648305372
p.G244S,0.492790355
p.G245A,0.58552878
p.G245C,0.578602339
p.G245D,0.49200533
p.G245S,0.406517818
p.G245V,0.820388108
p.G279E,0.237173718
p.G293W,-0.015464998
p.G334W,-0.270787026
p.G360A,-0.356182617
p.G374R,-0.288721915
p.H178D,0.311864829
p.H179P,0.837344712
p.H179Q,0.635643972
p.H179Y,0.575051781
p.H193P,0.618236308
p.H193Q,0.087663044
p.H193R,0.665864717
p.H193Y,0.441706958
p.H214R,0.725436079
p.H296Y,0.169016041
p.H365Y,-0.065692728
p.I195T,0.402367308
p.I232T,0.432405973
p.I251L,0.548798342
p.I251S,0.566765147
p.I254N,-0.021039036
p.K132N,0.565086919
p.L130P,0.306461382
p.L194F,0.216827409
p.L265P,0.889571414
p.L289F,0.031764056
p.M133T,0.503465033
p.M246K,0.025511723
p.M246L,0.277604643
p.M246R,0.937784619
p.M246V,0.216625367
p.N131I,0.011677052
p.N131Y,-0.001620643
p.N235D,0.420297975
p.N235S,0.067670259
p.N239S,0.368444612
p.N263S,-0.07977828
p.N29D,0.007658766
p.P151S,0.608922297
p.P151T,0.109146254
p.P152L,0.404737305
p.P152R,0.397464563
p.P177R,0.633151726
p.P47S,-0.338935816
p.P82L,-0.109695046
p.P89T,-0.045176328
p.P8L,-0.011335282
p.Q165K,-0.118458373
p.R110H,0.026741227
p.R110L,0.293185192
p.R110P,0.597488278
p.R158G,0.573783396
p.R158H,0.315291016
p.R158L,0.83538387
p.R158P,0.541359026
p.R175G,0.303535063
p.R175H,0.596019926
p.R175L,0.270590749
p.R181H,0.245163974
p.R181P,0.177978
p.R213P,0.364636006
p.R213Q,0.396442263
p.R248L,0.484403012
p.R248P,0.992199985
p.R248Q,0.374640056
p.R248W,0.499841083
p.R267W,0.176398764
p.R273C,0.531982628
p.R273G,0.799744443
p.R273H,0.496113938
p.R273L,0.567075186
p.R273P,0.608114278
p.R273S,0.541413187
p.R282G,0.655201744
p.R282P,0.721665426
p.R282W,0.488827708
p.R290H,0.227440987
p.R337C,-0.511126477
p.R337H,-0.379130739
p.R337L,-0.640150955
p.R337P,-0.467141661
p.R342P,-0.294387254
p.R65G,-0.369622094
p.S185N,0.014767787
p.S215I,0.686979477
p.S240R,0.446742712
p.S241C,0.703426447
p.S241F,0.191799293
p.S241Y,0.309015981
p.S366A,-0.179421352
p.T125K,0.457581882
p.T125R,0.452573519
p.T312S,-0.252161416
p.V10I,0.04761301
p.V157A,0.354430809
p.V172F,0.462120326
p.V173A,0.714213357
p.V173E,-0.051623531
p.V173L,0.473135869
p.V173M,0.675281536
p.V218M,0.337234419
p.V73M,-0.007543546
p.Y107H,-0.044774885
p.Y163C,0.933723183
p.Y163D,0.762263177
p.Y205C,0.533117028
p.Y220C,0.444997242
p.Y220N,0.71242825
p.Y220S,0.621523529
p.Y234C,0.665703675
p.Y234H,0.434134849
p.Y234S,0.76866958