hgvs_pro,null_nutlin_score
p.A129S,0.376802692
p.A138P,1.295137217
p.A276D,0.186339599
p.A276G,0.541303488
p.A347D,-0.53158454
p.A74V,-1.67958024
p.A84T,-0.690452831
p.C135G,0.647809449
p.C141Y,0.782146736
p.C176F,0.448763702
p.C176Y,0.806320422
p.C238F,0.754016644
p.C238R,0.454680153
p.C238S,0.750939858
p.C238W,1.181772751
p.C238Y,1.188211939
p.C242R,0.490335892
p.C242Y,0.477712597
p.C275R,0.945670657
p.C275W,1.188337039
p.C275Y,1.184788549
p.D281G,0.640240319
p.D281N,0.857427432
p.D281V,-0.124282267
p.D281Y,0.348368249
p.D48E,-0.26309169
p.D49N,-0.452379242
p.D7E,-0.819761912
p.E180K,0.633019896
p.E258K,1.112147236
p.E285K,1.007291314
p.E285V,0.632268866
p.E286K,1.231988223
p.E298K,-0.159994822
p.E388A,-2.297996163
p.F109V,0.921346907
p.F134C,1.261977929
p.F134L,0.772299044
p.F270S,1.105910452
p.F54L,-0.356030475
p.G105S,-0.204287419
p.G199V,0.766928008
p.G244D,0.53224743
p.G244S,0.464494844
p.G245A,1.140791613
p.G245C,0.504274315
p.G245D,-0.956098892
p.G245S,0.458298418
p.G245V,0.373237147
p.G279E,0.401458267
p.G293W,-0.587108475
p.G334W,0.22198451
p.G360A,-0.406035159
p.G374R,-1.483277895
p.H178D,-0.027180618
p.H179P,1.04210763
p.H179Q,1.273950396
p.H179Y,0.976738503
p.H193P,1.23125389
p.H193Q,-0.189019522
p.H193R,1.416323183
p.H193Y,0.810139121
p.H214R,0.950217069
p.H296Y,-0.008942191
p.H365Y,-0.201573181
p.I195T,0.95993409
p.I232T,0.818413052
p.I251L,1.110699461
p.I251S,1.004775334
p.I254N,0.680989524
p.K132N,0.849871179
p.L130P,1.404719414
p.L194F,0.672239577
p.L265P,1.043613188
p.L289F,-0.361512563
p.M133T,0.735427425
p.M246K,0.618545952
p.M246L,-0.058941971
p.M246R,1.104154877
p.M246V,0.804644544
p.N131I,1.149077637
p.N131Y,0.723024991
p.N235D,1.196221693
p.N235S,-0.096710103
p.N239S,0.351663554
p.N263S,0.049866466
p.N29D,-0.414838092
p.P151S,0.819504912
p.P151T,1.006859748
p.P152L,0.63162429
p.P152R,1.018014368
p.P177R,0.41420968
p.P47S,-0.231742319
p.P82L,-0.72129758
p.P89T,-0.483813855
p.P8L,-0.523453143
p.Q165K,-0.819799692
p.R110H,-0.245438693
p.R110L,0.158658004
p.R110P,1.380222798
p.R158G,1.250493502
p.R158H,0.202604818
p.R158L,0.902511027
p.R158P,1.126336197
p.R175G,0.968023608
p.R175H,0.538395763
p.R175L,-0.378672902
p.R181H,-0.248286644
p.R181P,1.181626196
p.R213P,1.598364449
p.R213Q,0.446985773
p.R248L,0.463439474
p.R248P,1.661651708
p.R248Q,0.217053441
p.R248W,0.613930736
p.R267W,-0.279942163
p.R273C,0.31430424
p.R273G,1.266317784
p.R273H,1.077844162
p.R273L,0.664437706
p.R273P,1.303419086
p.R273S,0.273506785
p.R282G,1.169674932
p.R282P,1.469039129
p.R282W,0.729156313
p.R290H,-0.344654966
p.R337C,0.776421409
p.R337H,-0.213287102
p.R337L,0.601938589
p.R337P,1.10845223
p.R342P,1.547454312
p.R65G,0.007669744
p.S185N,-0.293036243
p.S215I,1.031280849
p.S240R,0.463864823
p.S241C,1.098253324
p.S241F,1.286256888
p.S241Y,0.090058843
p.S366A,-1.440529078
p.T125K,-0.111319187
p.T125R,1.104919693
p.T312S,-0.322343881
p.V10I,-0.779427284
p.V157A,0.232988505
p.V172F,0.611491299
p.V173A,0.985167988
p.V173E,0.455824319
p.V173L,0.372549857
p.V173M,1.066360923
p.V218M,0.197040373
p.V73M,-0.499769846
p.Y107H,-0.109673459
p.Y163C,1.282571007
p.Y163D,0.537610928
p.Y205C,1.068062502
p.Y220C,0.633984088
p.Y220N,1.01322045
p.Y220S,1.226370202
p.Y234C,0.97652002
p.Y234H,0.51658088
p.Y234S,1.383276468