hgvs_pro,WT_nutlin_score
p.A129S,0.201446436
p.A138P,0.952456769
p.A276D,1.26890555
p.A276G,0.465064564
p.A347D,-0.893116134
p.A74V,-0.214822468
p.A84T,-0.172701838
p.C135G,1.610387661
p.C141Y,1.685871054
p.C176F,1.726217347
p.C176Y,2.030640225
p.C238F,1.473109008
p.C238R,1.659315607
p.C238S,1.759802635
p.C238W,2.101841933
p.C238Y,1.864029889
p.C242R,1.598236945
p.C242Y,1.805851413
p.C275R,1.618916085
p.C275W,1.94224381
p.C275Y,1.845477319
p.D281G,0.519380224
p.D281N,1.115002602
p.D281V,0.223491211
p.D281Y,1.027131368
p.D48E,-0.172164398
p.D49N,0.056224413
p.D7E,-0.156193883
p.E180K,1.396085852
p.E258K,1.307254142
p.E285K,1.843314673
p.E285V,1.711337411
p.E286K,1.539525019
p.E298K,0.499807885
p.E388A,-0.247964607
p.F109V,1.200407682
p.F134C,1.678464945
p.F134L,1.476273002
p.F270S,1.371587472
p.F54L,-0.133590635
p.G105S,0.466589399
p.G199V,0.746198261
p.G244D,1.409686663
p.G244S,1.695404539
p.G245A,1.529857547
p.G245C,1.217758887
p.G245D,1.311784568
p.G245S,1.146383877
p.G245V,1.950994795
p.G279E,0.535942383
p.G293W,0.108261916
p.G334W,-0.84073896
p.G360A,-1.190319418
p.G374R,-0.550859428
p.H178D,1.082340011
p.H179P,0.787794743
p.H179Q,2.319712816
p.H179Y,1.792180409
p.H193P,1.89085236
p.H193Q,0.767611657
p.H193R,1.835454309
p.H193Y,1.408627666
p.H214R,1.660145096
p.H296Y,0.320558076
p.H365Y,-0.365854514
p.I195T,1.598132501
p.I232T,1.254814791
p.I251L,1.250218245
p.I251S,1.039484757
p.I254N,1.382218979
p.K132N,1.271866953
p.L130P,0.874056978
p.L194F,0.934612044
p.L265P,1.527786425
p.L289F,-0.031705333
p.M133T,0.886250304
p.M246K,2.289718701
p.M246L,1.157908718
p.M246R,2.442838929
p.M246V,1.553754553
p.N131I,1.612359705
p.N131Y,1.653105871
p.N235D,1.292565649
p.N235S,0.168908163
p.N239S,0.963145421
p.N263S,0.185306462
p.N29D,-0.269183396
p.P151S,1.506581632
p.P151T,0.688116492
p.P152L,1.021546687
p.P152R,0.579194548
p.P177R,1.649986416
p.P47S,-0.228058957
p.P82L,0.000597807
p.P89T,-0.212234467
p.P8L,-0.56649488
p.Q165K,-0.078276387
p.R110H,0.201289888
p.R110L,0.622652479
p.R110P,1.085446343
p.R158G,1.711250914
p.R158H,0.904444703
p.R158L,0.734578579
p.R158P,1.532261479
p.R175G,1.730190212
p.R175H,1.791388107
p.R175L,0.940932419
p.R181H,0.905085127
p.R181P,0.916882548
p.R213P,1.48068039
p.R213Q,1.016928956
p.R248L,1.458720515
p.R248P,2.294467954
p.R248Q,1.23347987
p.R248W,1.552718316
p.R267W,1.030361367
p.R273C,1.261347254
p.R273G,1.795177364
p.R273H,1.14550082
p.R273L,1.346060405
p.R273P,1.553757957
p.R273S,1.042686259
p.R282G,1.718690103
p.R282P,1.733953403
p.R282W,1.590702967
p.R290H,0.473134078
p.R337C,-0.984937807
p.R337H,-0.964707535
p.R337L,-0.69779776
p.R337P,-1.132865377
p.R342P,-1.25854948
p.R65G,-0.065494349
p.S185N,0.227527022
p.S215I,1.471160579
p.S240R,1.318129116
p.S241C,1.577420845
p.S241F,0.85378796
p.S241Y,0.799136324
p.S366A,-1.00446978
p.T125K,0.513187536
p.T125R,0.786079998
p.T312S,-0.655472787
p.V10I,-0.11962277
p.V157A,0.660525776
p.V172F,0.866662088
p.V173A,1.312284401
p.V173E,1.479959463
p.V173L,0.844275485
p.V173M,1.930534412
p.V218M,1.059447197
p.V73M,0.062432421
p.Y107H,0.096291683
p.Y163C,1.739417013
p.Y163D,2.088776963
p.Y205C,1.741104425
p.Y220C,1.526383395
p.Y220N,1.596320304
p.Y220S,1.34607702
p.Y234C,1.469313284
p.Y234H,1.727446345
p.Y234S,1.423888672