hgvs_pro,PTEN_fitness
p.T2A,2.275491838
p.T2K,-0.009668751
p.T2P,-0.257056982
p.T2R,0.551584254
p.T2S,1.756681964
p.A3V,-1.088057429
p.I5L,-1.732308786
p.I5V,0.925817541
p.K6A,-1.356124152
p.K6D,-2.726296864
p.K6E,-1.623520219
p.K6I,-1.888279171
p.K6T,-1.295423489
p.K6W,-1.412477209
p.E7A,0.640133885
p.E7C,-0.061897659
p.E7D,-0.123025966
p.E7F,-0.139771646
p.E7G,0.853579749
p.E7H,0.142964999
p.E7L,0.667407232
p.E7M,0.862031335
p.E7P,0.012006988
p.E7T,0.170382884
p.E7V,0.255288853
p.E7Y,0.866630204
p.V9C,0.247110417
p.V9D,-1.414870933
p.V9E,-3.090799652
p.V9F,-0.012059928
p.V9H,-0.804051912
p.V9I,-0.204041486
p.V9K,-2.374722727
p.V9L,0.274695483
p.V9M,0.301820849
p.V9N,-1.133374094
p.V9P,-2.469842897
p.V9Q,-0.973935305
p.V9R,-3.328586457
p.V9S,-0.263764652
p.V9T,-0.057671927
p.S10A,-0.523152531
p.S10C,-1.500827794
p.S10F,-1.377966915
p.S10G,-0.541543937
p.S10H,-1.103495209
p.S10R,-1.70900327
p.S10T,-0.210727145
p.R11A,0.596492604
p.R11C,-0.527638463
p.R11F,-0.590106883
p.R11G,0.835688916
p.R11H,-0.308067752
p.R11I,-0.258956601
p.R11K,1.042669976
p.R11L,-0.193071585
p.R11M,-0.007687039
p.R11N,-0.61220341
p.R11P,-1.318240293
p.R11Q,-0.287711206
p.R11S,0.122692488
p.R11T,0.21596456
p.R11V,-0.6185662
p.R11W,0.002413378
p.R11Y,-0.86504301
p.N12A,0.001112563
p.N12C,-0.155340952
p.N12D,-1.205711516
p.N12E,0.381825903
p.N12F,-0.288803873
p.N12G,0.09252915
p.N12L,-0.878094625
p.N12M,0.25611236
p.N12P,-1.034745219
p.N12Q,-0.716786524
p.N12R,-0.316169295
p.N12S,-0.097219878
p.N12T,-0.321149974
p.N12V,-2.994753833
p.N12W,-0.180839486
p.K13A,-0.259253501
p.K13G,-1.160806484
p.K13H,-0.03660082
p.K13I,-1.047213325
p.K13L,0.180986789
p.K13M,0.346014116
p.K13P,-3.335826177
p.K13Q,-0.178546379
p.K13R,-0.036490756
p.K13S,0.18348091
p.K13W,-4.252430401
p.R14A,-0.382952684
p.R14D,-0.293982317
p.R14E,-0.352915891
p.R14G,-0.710780245
p.R14I,-0.045033166
p.R14K,1.113981869
p.R14M,0.447894475
p.R14N,0.994118062
p.R14P,-1.118483561
p.R14Q,-0.490475268
p.R14S,-0.06328452
p.R14T,-0.348266687
p.R14V,0.645523248
p.R14Y,0.268744789
p.R15A,-3.32065393
p.R15C,-1.634145946
p.R15G,-1.323526141
p.R15H,-2.258816226
p.R15I,-3.407494813
p.R15K,-1.649563943
p.R15M,-1.400402786
p.R15N,-3.196661801
p.R15P,-4.67631353
p.R15S,-2.581100784
p.R15T,-1.202348015
p.R15W,-5.156576659
p.Y16A,-2.307621953
p.Y16C,-0.837875648
p.Y16D,-2.205118144
p.Y16E,-2.37848032
p.Y16L,-0.007699256
p.Y16M,0.355101662
p.Y16Q,-1.329929717
p.Y16S,-2.257034508
p.Y16T,-0.281762937
p.Y16V,-0.649716024
p.Y16W,0.45543516
p.Q17A,0.048708219
p.Q17C,0.262532471
p.Q17D,-0.93461272
p.Q17E,-0.546792281
p.Q17F,0.260248193
p.Q17G,-1.038322739
p.Q17H,-0.105591559
p.Q17I,-2.117484277
p.Q17K,0.416351979
p.Q17L,-0.755407804
p.Q17M,-0.770222928
p.Q17N,-1.942750742
p.Q17P,-0.913807083
p.Q17S,-0.062976491
p.Q17T,0.084866017
p.Q17V,0.462517027
p.Q17W,-1.528169149
p.Q17Y,-0.213253363
p.E18A,0.186385397
p.E18C,0.253627366
p.E18D,-0.300658253
p.E18G,0.285159311
p.E18H,-0.22247162
p.E18I,0.040308349
p.E18K,-0.024598575
p.E18L,0.194442174
p.E18N,0.588163378
p.E18P,-2.442488007
p.E18Q,1.059793628
p.E18R,0.384198023
p.E18S,0.035173583
p.E18T,0.085542754
p.E18V,-0.408190779
p.E18W,0.217511383
p.D19A,0.285845323
p.D19C,0.641353965
p.D19F,-0.364744646
p.D19G,0.917995269
p.D19H,0.582011932
p.D19K,1.512141108
p.D19L,0.289759072
p.D19M,-0.18111706
p.D19N,0.613024367
p.D19P,-0.307713975
p.D19Q,0.529576804
p.D19R,0.506967723
p.D19S,0.822151517
p.D19V,-0.924547947
p.D19W,-1.368942175
p.D19Y,-0.04201269
p.G20A,-0.883320278
p.G20C,-0.862451224
p.G20E,-0.469831041
p.G20F,-1.50041566
p.G20H,0.211287147
p.G20I,-0.764701928
p.G20L,-1.132017926
p.G20M,-0.812580049
p.G20N,0.156607864
p.G20P,-0.784886243
p.G20Q,-0.385038809
p.G20R,-0.907518742
p.G20S,0.338392851
p.G20T,-0.619748347
p.G20V,-0.946511289
p.G20W,-2.256208789
p.F21A,-0.792985088
p.F21C,-0.598219956
p.F21D,-2.470456804
p.F21E,-2.242127319
p.F21G,-2.98211107
p.F21H,0.121374387
p.F21I,-0.252636997
p.F21L,-0.910884348
p.F21M,-0.729916192
p.F21N,-0.681987719
p.F21Q,-0.406719742
p.F21R,-1.901089918
p.F21S,-2.214726193
p.F21V,0.319512059
p.F21W,0.466387572
p.D22C,-0.177020833
p.D22F,-0.184746699
p.D22G,-1.6953292
p.D22H,-0.824534445
p.D22K,-0.874651654
p.D22L,-1.284713946
p.D22N,-0.063857879
p.D22Q,-0.991332526
p.D22R,-0.348785049
p.D22S,-0.002449363
p.D22T,-0.307548012
p.D22V,-0.931525269
p.D22W,-0.752828264
p.L23A,-4.332975265
p.L23G,-4.182460947
p.L23I,-0.96765149
p.L23M,-0.875034709
p.L23V,-2.190944573
p.L23Y,-3.430724988
p.D24E,-0.867627
p.D24M,-3.113372285
p.D24N,-1.549791026
p.D24V,-3.159554813
p.D24Y,-4.140445459
p.L25C,-1.94301455
p.L25D,-2.398815661
p.L25G,-2.456834265
p.L25H,-3.064134411
p.L25I,-1.766782387
p.L25M,0.056647814
p.L25V,-1.512001719
p.T26A,-0.569514271
p.T26C,-0.098829535
p.T26D,-3.036212698
p.T26E,-2.913296859
p.T26G,-1.535474787
p.T26L,-2.995074397
p.T26M,-1.230026443
p.T26N,-0.647280484
p.T26Q,-0.354606011
p.T26R,-1.306038504
p.T26S,0.293727024
p.T26V,0.519261942
p.Y27C,-1.648557963
p.Y27E,-2.890406071
p.Y27G,-3.805370605
p.Y27K,-3.169997593
p.Y27L,-4.008634628
p.Y27Q,-3.159973786
p.Y27S,-0.778782855
p.Y27V,-2.404575218
p.I28D,-3.301319021
p.I28E,-2.931571245
p.I28F,-1.501579813
p.I28H,-3.300775433
p.I28L,-0.553655211
p.I28M,-0.329154429
p.I28P,-2.51687216
p.I28S,-2.082223884
p.I28V,0.628274632
p.Y29A,0.278551476
p.Y29C,0.006995553
p.Y29D,0.339499211
p.Y29F,0.321383507
p.Y29G,-0.122628922
p.Y29I,0.197949033
p.Y29K,0.275858489
p.Y29L,0.214522579
p.Y29M,-0.499468871
p.Y29N,1.198562695
p.Y29R,0.790032006
p.Y29S,0.43344861
p.Y29T,0.353347777
p.Y29V,-0.363414335
p.P30A,-0.27630366
p.P30C,0.087046881
p.P30D,-0.010588824
p.P30E,-0.449770503
p.P30G,-0.240138776
p.P30H,0.316991584
p.P30I,-1.013373188
p.P30K,0.33465072
p.P30L,-1.066969815
p.P30M,-0.503970756
p.P30N,0.444219522
p.P30Q,0.137296642
p.P30R,0.464810141
p.P30S,0.188100376
p.P30T,-0.310307803
p.P30V,0.11021231
p.P30W,-0.448006035
p.P30Y,-0.236291541
p.N31A,-0.22883353
p.N31C,-0.473431881
p.N31D,0.225696942
p.N31F,-0.21288212
p.N31G,-0.135922257
p.N31H,0.301732761
p.N31K,-0.891471351
p.N31L,-3.722250747
p.N31P,-1.420894963
p.N31Q,0.047474918
p.N31R,-0.207376181
p.N31S,-0.140582138
p.N31T,-0.318778146
p.N31V,-1.615152333
p.N31W,-1.178201707
p.N31Y,0.494024565
p.M35A,-3.98921176
p.M35D,-4.238813289
p.M35H,-3.598899879
p.M35I,-0.876619465
p.M35L,-0.646829733
p.M35P,-3.333195992
p.M35R,-3.381502181
p.M35S,-3.976686269
p.G36A,-0.164546905
p.G36C,0.776006896
p.G36K,-4.59022288
p.G36P,-0.669154831
p.G36R,-2.69296249
p.G36S,0.43110241
p.G36T,-0.873751757
p.G36V,-1.484348767
p.G36W,-3.844753069
p.F37A,0.682506193
p.F37C,-0.07643364
p.F37D,-3.319615856
p.F37E,-0.295888754
p.F37G,-0.297196873
p.F37H,-0.777509519
p.F37L,0.052252074
p.F37M,0.142295353
p.F37N,-0.213735538
p.F37P,-3.688155033
p.F37Q,0.529003184
p.F37R,0.119368206
p.F37S,-0.016914493
p.F37V,0.508047079
p.F37Y,0.645046907
p.P38A,-1.730953074
p.P38C,-1.348524962
p.P38E,-4.596217751
p.P38F,-2.852154771
p.P38G,-3.93473517
p.P38I,-2.570443416
p.P38K,-2.912095121
p.P38M,-1.799980925
p.P38S,-1.515288503
p.P38V,-3.119743671
p.P38Y,-4.336144288
p.A39C,-0.31739109
p.A39D,-3.318258058
p.A39F,-1.053323883
p.A39L,-4.646612028
p.A39M,-2.349008915
p.A39S,-0.011137076
p.A39V,-1.74147277
p.A39W,-1.858502043
p.E40A,0.416757965
p.E40C,0.761370349
p.E40G,0.464224261
p.E40H,-0.305420768
p.E40L,0.370722417
p.E40P,-0.25978623
p.E40R,-0.033873918
p.E40S,0.507211658
p.E40T,0.222112283
p.E40W,-0.004805628
p.E40Y,0.020273253
p.E43D,-1.05345803
p.E43F,-0.718631636
p.E43G,-0.553669564
p.E43H,-0.10749294
p.E43I,-0.123251096
p.E43L,-0.531725749
p.E43N,-0.832732424
p.E43P,-1.130194973
p.E43R,-0.409382442
p.E43T,-0.064143241
p.E43V,-0.083184687
p.E43W,0.058112985
p.E43Y,-0.255589856
p.G44A,0.36620043
p.G44E,-1.770408978
p.G44H,-1.1329029
p.G44K,0.152128228
p.G44L,-1.06648869
p.G44M,-0.023129968
p.G44R,0.005936364
p.G44S,0.97284434
p.G44T,0.810067811
p.G44V,0.531196004
p.G44Y,-1.063002919
p.V45A,0.08673084
p.V45C,-0.10756847
p.V45F,0.253202176
p.V45G,-0.928504539
p.V45I,0.07445473
p.V45L,0.57731325
p.V45M,0.445454602
p.V45N,-0.650553512
p.V45P,-2.483516942
p.V45R,-0.037668657
p.V45S,-1.085247312
p.V45T,-0.131059182
p.V45W,0.607022033
p.V45Y,0.602628419
p.Y46A,-0.542685234
p.Y46C,-1.030247178
p.Y46F,0.453377822
p.Y46G,-1.051183247
p.Y46H,-2.719902783
p.Y46I,0.106234445
p.Y46K,-4.245571403
p.Y46L,0.354648316
p.Y46S,-2.691582255
p.Y46T,-1.665266478
p.Y46V,0.339303174
p.Y46W,0.444278371
p.R47A,-3.147951984
p.R47C,-1.297968181
p.R47F,-1.233630966
p.R47G,-2.33771605
p.R47L,-0.93901457
p.R47P,-3.493240943
p.R47S,-2.312771356
p.R47T,-3.480480883
p.N48D,-1.912338803
p.N48H,-1.348280769
p.N48L,-4.054789162
p.N48M,-3.137226394
p.N48P,-3.651492662
p.N49A,-0.098119187
p.N49D,-0.524343217
p.N49E,-1.935660036
p.N49F,-0.300801356
p.N49G,-0.278565028
p.N49I,-2.263919724
p.N49K,0.048250043
p.N49L,-0.86723057
p.N49M,-1.112484862
p.N49P,-0.811832257
p.N49Q,0.114951047
p.N49R,0.534620022
p.N49S,0.051343224
p.N49V,-1.723935714
p.N49W,-1.53679932
p.I50A,-0.681732424
p.I50E,-2.286764669
p.I50F,-0.88733173
p.I50G,-1.164995888
p.I50H,-1.11300616
p.I50L,0.289991169
p.I50M,-0.26122694
p.I50N,-1.273397861
p.I50P,-4.41743526
p.I50Q,-1.014358529
p.I50R,-0.101336006
p.I50S,0.200511524
p.I50T,-1.37953835
p.I50V,0.03487898
p.D51A,0.118631594
p.D51E,-0.410080163
p.D51G,0.648827029
p.D51L,0.583939546
p.D51M,-0.075809292
p.D51P,-0.837334597
p.D51Q,0.174580866
p.D51R,0.574597207
p.D51S,0.375259207
p.D51T,0.087523823
p.D51V,0.042107261
p.D51W,0.244410796
p.D52A,0.778411708
p.D52E,0.341423299
p.D52F,-1.872439865
p.D52G,-0.512170489
p.D52H,0.035768108
p.D52I,-1.149818792
p.D52K,-0.209333953
p.D52L,-0.85040895
p.D52N,0.208466236
p.D52Q,-1.381860232
p.D52R,-0.405753396
p.D52S,0.122783109
p.D52V,0.113827986
p.V53A,-1.083646273
p.V53C,-0.832591459
p.V53F,-2.64732221
p.V53L,-1.730086255
p.V53M,-1.302440433
p.V53P,-3.517005832
p.V53Q,-2.482224868
p.V53T,0.218007824
p.V54A,0.170560296
p.V54C,0.156088924
p.V54D,-0.992982549
p.V54E,-0.178923885
p.V54G,0.20007369
p.V54H,-0.329238042
p.V54I,0.031210434
p.V54K,0.334625434
p.V54L,-0.258948621
p.V54M,0.105555774
p.V54N,0.32835514
p.V54P,-3.310142846
p.V54Q,0.300927737
p.V54R,0.162813471
p.V54S,0.113663827
p.V54T,0.612762092
p.V54W,-0.428746553
p.V54Y,0.195968439
p.R55A,0.356554067
p.R55E,0.094827724
p.R55F,-0.258503857
p.R55G,0.050429539
p.R55H,-0.078241006
p.R55I,-0.24474918
p.R55K,0.321146973
p.R55L,-0.220218664
p.R55M,-0.218406035
p.R55P,-2.856919725
p.R55Q,0.046644639
p.R55S,0.055182213
p.R55T,0.201507066
p.R55V,0.173870963
p.R55W,-0.727987142
p.R55Y,-0.20770984
p.F56C,-0.962281915
p.F56D,-4.545370743
p.F56E,-4.673909368
p.F56I,-2.168277178
p.F56L,-0.698916775
p.F56M,-0.140475454
p.F56Q,-3.252251448
p.F56R,-3.424819127
p.F56S,-3.084483864
p.F56W,-1.290817589
p.F56Y,-0.406540973
p.L57A,-2.837905618
p.L57C,-1.965200254
p.L57E,-4.003892723
p.L57I,-0.475134187
p.L57K,-4.610671755
p.L57M,-0.180985925
p.L57N,-4.643239839
p.L57Q,-3.873753359
p.L57R,-4.261026248
p.L57V,-0.568186606
p.D58A,0.0556323
p.D58C,-0.137664051
p.D58G,-0.172116453
p.D58H,0.405986759
p.D58I,-0.719785073
p.D58K,0.107897114
p.D58P,-3.749780485
p.D58R,-0.032468041
p.D58S,0.270450034
p.D58T,0.006345769
p.D58V,-0.034604335
p.D58W,-0.303452651
p.D58Y,0.270060001
p.S59A,-0.138166269
p.S59C,0.093533624
p.S59D,0.218847208
p.S59E,0.129834913
p.S59G,0.053656513
p.S59H,0.387675073
p.S59I,0.088001519
p.S59L,0.152816252
p.S59M,0.287872712
p.S59N,0.218903438
p.S59P,-3.5609663
p.S59Q,0.26974374
p.S59R,0.062247714
p.S59V,0.51719005
p.S59W,0.239540696
p.S59Y,0.121732203
p.K60A,-0.617393032
p.K60C,-0.786117695
p.K60E,-0.696266356
p.K60G,-0.802019947
p.K60I,-1.828147472
p.K60L,-1.044531987
p.K60M,-0.156186968
p.K60R,0.13875098
p.K60S,-0.20064629
p.K60T,-0.012404684
p.K60V,-1.015033643
p.K60Y,0.747755193
p.H61A,-2.39730137
p.H61C,-1.4490579
p.H61D,-3.854777694
p.H61E,-3.755906942
p.H61F,-2.070893701
p.H61G,-3.047037709
p.H61K,-3.634333567
p.H61P,-3.168614892
p.H61R,-3.614920533
p.H61S,-1.956156992
p.H61T,-3.132736812
p.H61V,-1.60030328
p.H61W,-3.088685749
p.H61Y,-0.583021653
p.K62A,-0.006800498
p.K62C,-0.294014594
p.K62D,-0.029709198
p.K62E,0.118143457
p.K62F,0.333022783
p.K62G,-0.056857856
p.K62I,-0.106527503
p.K62L,0.060651492
p.K62M,-0.361042684
p.K62Q,0.629233171
p.K62R,0.253332143
p.K62S,0.14695233
p.K62T,0.192687813
p.K62V,-0.134919241
p.K62W,0.068476033
p.K62Y,0.465146617
p.N63A,0.35928173
p.N63E,0.445123054
p.N63G,0.209832633
p.N63K,-0.424851806
p.N63L,0.150340054
p.N63M,0.221447857
p.N63P,-0.805200876
p.N63Q,0.003415725
p.N63R,-0.248152999
p.N63S,0.219072047
p.N63T,-0.005174246
p.N63V,-0.604068994
p.N63W,-0.067158821
p.H64A,0.421512083
p.H64C,0.264929928
p.H64D,0.095496866
p.H64E,-0.033411433
p.H64F,0.319088399
p.H64G,-0.220781117
p.H64I,-0.700717858
p.H64L,0.449783749
p.H64P,-3.567882344
p.H64Q,0.396815422
p.H64R,0.304611699
p.H64S,0.199270309
p.H64T,-0.174586457
p.H64V,-0.052416591
p.H64W,-0.085652939
p.Y65A,-0.169678454
p.Y65C,0.178005674
p.Y65E,-3.63940842
p.Y65F,0.156530124
p.Y65G,-1.886959485
p.Y65H,0.267306735
p.Y65I,-0.550412111
p.Y65K,-1.906838656
p.Y65L,-1.593389159
p.Y65M,-0.223791196
p.Y65P,-3.817095391
p.Y65R,-3.42939882
p.Y65S,-0.163222249
p.Y65T,-0.088509414
p.Y65V,-0.193264705
p.Y65W,-0.226479854
p.K66A,0.299416972
p.K66E,-1.224349565
p.K66F,-0.154571297
p.K66G,-0.808126232
p.K66H,-0.411249993
p.K66I,-0.056507313
p.K66L,-0.761975469
p.K66M,-0.158584781
p.K66N,0.045701596
p.K66Q,0.191909156
p.K66R,-0.035445761
p.K66S,0.023821065
p.K66T,-0.016248722
p.K66V,-0.021175971
p.K66W,-0.038295231
p.I67A,-1.342662556
p.I67C,0.017709066
p.I67D,-4.201371663
p.I67E,-3.855145522
p.I67H,-4.922310025
p.I67L,0.21134802
p.I67M,-0.347990375
p.I67N,-2.566349611
p.I67P,-3.635556438
p.I67Q,-2.700832965
p.I67S,-2.266975343
p.I67T,-0.195887102
p.I67V,0.10612456
p.I67W,-3.318199435
p.I67Y,-4.08876283
p.Y68C,-2.732346495
p.Y68G,-3.309163503
p.Y68I,-1.199213122
p.Y68K,-3.534172357
p.Y68L,-2.255657223
p.Y68M,-1.474383755
p.Y68N,-4.920080583
p.Y68P,-4.344826374
p.Y68Q,-3.834559961
p.Y68R,-3.837506817
p.Y68S,-4.213745547
p.Y68T,-4.305591672
p.Y68V,-1.790626516
p.Y68W,0.167460626
p.N69A,-0.306277514
p.N69D,-0.56612114
p.N69E,-2.652164261
p.N69G,-1.086095726
p.N69H,-0.692849494
p.N69L,-2.950854481
p.N69M,-1.900555615
p.N69P,-2.378315983
p.N69R,-0.040268395
p.N69S,0.359052972
p.N69T,-0.12949161
p.N69V,-1.751946338
p.N69W,-4.015804886
p.N69Y,-2.691605659
p.C71G,-1.661735851
p.C71I,-2.289302294
p.C71T,-0.227418731
p.A72C,0.262133372
p.A72D,0.258380605
p.A72E,0.07577078
p.A72F,-0.144169307
p.A72G,-0.256608487
p.A72H,0.001161171
p.A72I,-0.07676204
p.A72K,0.445681774
p.A72L,0.112082103
p.A72M,0.17716169
p.A72N,0.217995397
p.A72P,-0.24024215
p.A72Q,0.234586446
p.A72R,0.296577611
p.A72S,0.339000564
p.A72T,-0.101993174
p.A72V,-0.145188504
p.A72W,0.098430426
p.A72Y,0.176305954
p.E73A,-0.123174386
p.E73C,-0.492538239
p.E73D,-0.12181405
p.E73F,-0.136331138
p.E73G,0.38055593
p.E73H,1.099249313
p.E73I,-0.524435102
p.E73K,0.307479742
p.E73L,-0.614626078
p.E73M,-0.159880495
p.E73P,-1.751366464
p.E73Q,0.028235748
p.E73R,0.309070418
p.E73S,0.286506407
p.E73T,-0.466509205
p.E73V,-0.242068779
p.E73Y,-0.355940813
p.R74A,-0.056757897
p.R74D,-1.32114333
p.R74G,-0.382479307
p.R74H,-1.129826892
p.R74L,-0.640723929
p.R74N,-0.626465662
p.R74P,-1.378603506
p.R74S,-0.242493183
p.R74T,-0.703856821
p.R74V,-1.386443857
p.H75A,0.411663158
p.H75D,0.200467457
p.H75E,0.319510062
p.H75F,0.361451076
p.H75G,0.27327568
p.H75I,-0.043911109
p.H75L,-0.228563215
p.H75M,-0.104427525
p.H75R,0.290049574
p.H75S,0.55969486
p.H75T,0.603508726
p.H75V,0.110105873
p.H75Y,-0.086948613
p.Y76A,-0.21172003
p.Y76C,-0.310864611
p.Y76D,-1.169036483
p.Y76E,-1.868811129
p.Y76F,-0.617780418
p.Y76G,-2.08944985
p.Y76H,-0.233506191
p.Y76K,-1.241226596
p.Y76L,-0.36761635
p.Y76M,-0.937904935
p.Y76P,-0.281344184
p.Y76Q,-1.329475182
p.Y76R,-0.750862102
p.Y76S,-0.478347958
p.Y76T,-0.27307609
p.Y76V,-0.308663636
p.Y76W,-1.70492527
p.D77A,0.136276294
p.D77C,-0.020112941
p.D77E,-0.195927764
p.D77F,-0.814749358
p.D77G,-1.040832058
p.D77I,-0.444681397
p.D77K,0.293638802
p.D77L,0.042528635
p.D77M,-0.510708112
p.D77P,-0.041809346
p.D77Q,-0.445145934
p.D77R,-0.19818499
p.D77S,0.244957651
p.D77T,-0.264579212
p.D77V,-0.625169932
p.D77W,-2.393057277
p.D77Y,-0.789575773
p.T78A,0.174071076
p.T78C,0.974559127
p.T78G,0.322941433
p.T78L,-0.064516501
p.T78M,0.191226435
p.T78Q,0.020063665
p.A79C,0.61781278
p.A79D,0.421904494
p.A79E,0.159120038
p.A79F,0.037151666
p.A79G,0.317905993
p.A79H,0.858384
p.A79K,0.516122053
p.A79L,0.240901808
p.A79M,-0.676471197
p.A79N,0.537610015
p.A79P,-0.540154208
p.A79Q,0.375569023
p.A79R,0.626311858
p.A79S,0.394596758
p.A79T,0.216137223
p.A79V,-0.023353325
p.A79W,-0.5335166
p.A79Y,0.559752248
p.K80A,-0.1915111
p.K80C,-0.313115281
p.K80D,-1.512040151
p.K80E,-1.60681967
p.K80F,-0.853725259
p.K80G,-0.509515478
p.K80I,0.132226301
p.K80L,-0.521600468
p.K80M,-0.28522829
p.K80N,-0.448400628
p.K80P,-1.385694233
p.K80Q,-0.31218571
p.K80R,-0.213115491
p.K80S,-0.781248098
p.K80T,-0.410144999
p.K80V,-0.496970328
p.K80W,-1.42322074
p.K80Y,-0.187395739
p.F81A,-1.563894561
p.F81E,-2.998474926
p.F81G,-2.828045056
p.F81H,-2.788963947
p.F81I,-1.025352602
p.F81K,-2.134795668
p.F81L,-0.643745302
p.F81M,-0.349840333
p.F81N,-3.360917744
p.F81P,-2.575791945
p.F81R,-2.546213654
p.F81T,-2.411953638
p.F81V,-1.287230228
p.F81Y,-0.917025102
p.N82D,0.271577831
p.N82G,0.270365737
p.N82P,-0.169614842
p.C83G,0.112367891
p.C83L,0.486477946
p.R84C,0.068544387
p.R84F,-0.119127788
p.R84I,0.288921384
p.R84M,0.881408145
p.R84P,0.272258417
p.R84V,0.618674166
p.V85A,-0.447888312
p.V85C,0.032267898
p.V85D,-0.634907265
p.V85E,-0.748021689
p.V85G,-0.883995158
p.V85I,-1.375018613
p.V85K,-0.28886439
p.V85L,-0.700591731
p.V85M,-1.165005569
p.V85N,-0.516863548
p.V85P,-0.97656326
p.V85R,-0.58062307
p.V85S,-0.173043011
p.A86C,0.200042258
p.A86G,0.349054951
p.A86L,-0.218039744
p.A86M,0.417612382
p.A86N,-0.237365652
p.A86R,0.315136563
p.Q87A,0.257433678
p.Q87C,0.306268704
p.Q87E,0.1554677
p.Q87F,0.075297782
p.Q87G,0.061792861
p.Q87H,0.079113205
p.Q87L,0.393169885
p.Q87M,0.06427986
p.Q87P,-0.613383675
p.Q87R,0.481720783
p.Q87S,0.013039237
p.Q87T,0.036543186
p.Q87V,0.458384431
p.Y88A,-1.799991425
p.Y88F,0.20905462
p.Y88G,-3.539136452
p.Y88I,-0.773588423
p.Y88R,-2.909453414
p.Y88S,-1.819746547
p.Y88T,-1.620204361
p.Y88V,-0.476573479
p.P89A,0.13237939
p.P89C,-0.420117607
p.P89D,-0.302578183
p.P89E,0.198371667
p.P89G,0.087705027
p.P89H,-0.266381273
p.P89I,-0.121236605
p.P89K,0.348657004
p.P89L,0.010020476
p.P89Q,-0.623885365
p.P89R,0.000491205
p.P89S,0.222493268
p.P89T,-0.079873857
p.P89V,-0.126839241
p.P89W,-0.531346444
p.F90A,-0.649693269
p.F90C,-0.023886953
p.F90E,-2.423123318
p.F90G,-2.266840854
p.F90H,-0.63985176
p.F90I,0.324706265
p.F90L,-0.31138553
p.F90M,0.112052736
p.F90Q,-0.827104024
p.F90R,-4.035328514
p.F90S,-0.08118476
p.F90V,-0.3063974
p.F90W,-0.544158647
p.F90Y,-0.278946186
p.E91A,0.320204797
p.E91D,0.155464912
p.E91F,0.036080816
p.E91G,-0.60587386
p.E91H,0.038766083
p.E91K,0.193363377
p.E91L,0.549319648
p.E91M,0.210350676
p.E91N,0.587302886
p.E91P,0.346566395
p.E91Q,-0.272517394
p.E91R,-0.298069448
p.E91S,0.303643497
p.E91T,0.286133932
p.E91V,0.113607034
p.E91W,0.264206178
p.E91Y,0.173455224
p.D92A,-3.385801663
p.D92G,-4.193150258
p.D92H,-4.678238442
p.D92K,-4.492721501
p.D92P,-5.207648838
p.D92Q,-4.18088505
p.D92T,-3.73786832
p.D92V,-4.093252107
p.D92W,-3.505325756
p.H93A,-2.494593379
p.H93C,-2.723073702
p.H93D,-2.589693239
p.H93E,-2.129791628
p.H93F,-3.146417427
p.H93G,-0.626316445
p.H93M,-2.106967986
p.H93R,0.03027781
p.H93T,-3.669134171
p.H93W,-3.411691373
p.N94A,0.178565459
p.N94C,0.478251443
p.N94E,0.1087857
p.N94F,-0.312879174
p.N94G,0.194492941
p.N94L,-1.15575215
p.N94M,0.581706088
p.N94P,-4.326382731
p.N94Q,0.240685114
p.N94R,-0.061782737
p.N94S,0.334694151
p.N94T,0.115459235
p.N94V,-0.706775676
p.N94Y,0.198505611
p.P95A,0.274028729
p.P95C,-0.478542062
p.P95D,-4.169621255
p.P95E,-4.95849982
p.P95F,-3.763676143
p.P95G,-3.850394966
p.P95H,-4.041457735
p.P95I,-0.094647692
p.P95N,-3.726719082
p.P95S,-0.756684083
p.P95T,-0.450059929
p.P95V,0.070505875
p.P95Y,-3.78711588
p.P96G,-1.703745289
p.P96L,-2.479382146
p.Q97E,0.5720524
p.Q97V,-0.106500895
p.L98A,-0.076974854
p.L98E,-3.313645914
p.L98G,-2.405714184
p.L98H,-1.248553966
p.L98K,-3.317875476
p.L98P,-0.201860704
p.L98V,-0.034554036
p.L98Y,0.343266323
p.L100P,-2.976724884
p.K102E,-0.042256095
p.P103A,0.513085912
p.P103R,0.308525667
p.P103T,-0.35965515
p.P103V,-2.960195653
p.F104A,-3.065553181
p.F104D,-3.56082151
p.F104E,-4.05491869
p.F104G,-2.895553034
p.F104L,-0.409541278
p.F104N,-3.769262617
p.F104P,-3.953376405
p.F104Q,-3.390872812
p.F104S,-2.253535496
p.F104T,-2.181269114
p.F104Y,-0.802537398
p.C105D,-2.967930028
p.C105G,-4.83784503
p.C105L,-1.696323526
p.C105N,-0.552469614
p.C105Q,-3.158166042
p.C105R,-3.786342474
p.C105S,-1.059590092
p.C105W,-3.84183336
p.E106A,-0.535465921
p.E106F,-1.98652333
p.E106G,-1.538190861
p.E106I,-3.327744751
p.E106L,-0.121930365
p.E106N,-0.014247147
p.E106P,-4.815546855
p.E106Q,-1.05032598
p.E106T,-3.298142699
p.E106V,0.441097223
p.E106Y,-2.867031803
p.D107A,-0.915383396
p.D107C,-1.966390333
p.D107E,-0.114871838
p.D107G,0.115538665
p.D107K,-2.624927174
p.D107M,-2.738099104
p.D107N,0.078233965
p.D107P,-4.171085415
p.D107S,-0.704605694
p.D107T,-2.396906488
p.D107V,-2.85186154
p.D107W,-3.915900323
p.L108A,-1.407435696
p.L108C,-0.484296324
p.L108E,-4.364530288
p.L108G,-3.953446218
p.L108H,-2.916285116
p.L108M,-0.766139383
p.L108P,-2.942039624
p.L108Q,-3.725037458
p.L108R,-4.133210747
p.L108V,1.160568514
p.L108W,-3.991254356
p.D109A,0.023366995
p.D109C,-0.900811295
p.D109G,0.168187822
p.D109K,-0.172674451
p.D109L,-2.706641268
p.D109M,0.168327718
p.D109S,0.493647866
p.D109T,-0.296690859
p.D109V,-0.720402241
p.Q110C,0.174448341
p.Q110D,-0.266636857
p.Q110E,-0.344207814
p.Q110G,0.279254201
p.Q110L,0.49606714
p.Q110P,-2.862300009
p.Q110R,-0.65346559
p.Q110T,-0.186215402
p.W111M,-2.953480234
p.W111N,-3.154003392
p.W111P,-3.722719581
p.W111R,-4.104342596
p.W111T,-2.885821083
p.L112A,-1.501174397
p.L112D,-3.453047309
p.L112E,-1.95368488
p.L112F,0.071469703
p.L112G,-3.017913428
p.L112H,-0.083879035
p.L112I,-1.263133907
p.L112R,-3.545213145
p.L112S,-1.978841011
p.L112V,-0.223486317
p.L112W,-3.611712891
p.L112Y,-0.473544529
p.E114A,0.723335632
p.E114F,-0.053825587
p.E114G,0.250888777
p.E114I,0.299323493
p.E114L,-0.230005128
p.E114N,0.334477221
p.E114Q,-0.01712155
p.E114R,-0.06084211
p.E114S,-0.251851818
p.E114W,-0.133165388
p.D115G,0.056798272
p.D115K,0.267909011
p.D115L,0.193664467
p.D115M,-1.694105767
p.D115P,-1.1845048
p.D115Q,-0.791130396
p.D115R,0.024832725
p.D115S,0.802708358
p.D115T,-0.005235886
p.D115V,0.029375433
p.D115W,-1.087679362
p.D116G,-0.508872199
p.D116L,-0.765296612
p.D116Q,-2.425336342
p.D116S,-0.557798234
p.D116V,0.482173018
p.D116W,-0.512080051
p.N117A,-0.94588854
p.N117G,-0.213753744
p.N117H,0.136767774
p.N117K,-0.529524052
p.N117P,-0.550252724
p.N117Q,-0.102613422
p.N117R,-0.381324093
p.N117S,0.240901288
p.N117V,0.066655063
p.N117W,-1.413077491
p.N117Y,-1.105442161
p.H118A,-1.426477034
p.H118C,0.166145017
p.H118E,-3.081585106
p.H118G,-1.043499688
p.H118K,-1.447680569
p.H118L,-1.904681194
p.H118R,-1.008616472
p.H118W,-3.283864324
p.V119A,-0.044230125
p.V119E,-3.629559655
p.V119G,-2.631368933
p.V119I,-0.046148375
p.V119K,-1.491631106
p.V119L,-0.797882566
p.V119N,-2.986136355
p.V119Q,-2.387327217
p.V119R,-2.720052013
p.V119S,-1.951540869
p.V119W,-3.28446306
p.A120E,-2.093856912
p.A120F,-3.427068855
p.A120G,-0.014213199
p.A120Q,-4.518314904
p.A120R,-3.990944204
p.A120T,-1.699604824
p.A120V,0.471992374
p.A120W,-4.185814066
p.A121C,-0.324762102
p.A121D,-3.393659493
p.A121E,-1.670612264
p.A121F,-3.019649698
p.A121G,-0.403602456
p.A121I,-0.935394299
p.A121K,-3.889930664
p.A121L,-2.029169239
p.A121P,-1.981649721
p.A121S,-1.652299233
p.A121T,-0.372459037
p.A121W,-4.319785717
p.A121Y,-4.458522135
p.I122A,-1.754441326
p.I122C,-0.809229304
p.I122E,-3.58353303
p.I122L,-0.417118505
p.I122P,-4.396131331
p.I122Q,-4.054182956
p.I122R,-3.595319101
p.I122S,-3.596347479
p.I122T,-1.415608119
p.I122V,-0.48716629
p.I122W,-4.335877667
p.H123A,-2.397837989
p.H123G,-2.053108183
p.H123I,-3.358251724
p.H123M,-3.787004454
p.H123R,-3.834466422
p.H123S,-0.184498274
p.H123T,-2.14240281
p.C124D,-4.14990803
p.C124E,-3.097258035
p.C124F,-2.70115956
p.C124G,-2.588597119
p.C124L,-3.861644303
p.C124M,-4.447184018
p.C124N,-3.85143508
p.C124P,-4.506888719
p.C124Q,-3.363471419
p.C124S,-4.895642909
p.C124V,-3.799373612
p.C124W,-2.093467367
p.C124Y,-2.04890389
p.K125A,-0.754313873
p.K125C,-3.65863992
p.K125D,-3.448673122
p.K125E,-2.181237334
p.K125G,-2.616223406
p.K125H,-1.450798851
p.K125L,0.077279525
p.K125M,-0.123981089
p.K125P,-4.395788772
p.K125Q,-0.854224144
p.K125R,-0.250080581
p.K125V,-1.266332287
p.A126C,-3.559637128
p.A126G,-0.829144459
p.A126K,-3.18887921
p.A126L,-3.546154638
p.A126N,-3.361787081
p.A126S,0.061337914
p.A126T,-1.935588405
p.G127M,-3.351351628
p.G127R,-2.233006121
p.K128D,-4.068382159
p.K128G,-1.813962747
p.K128L,-2.665785552
p.K128M,0.466290161
p.G129A,-0.470044202
p.G129C,-3.102586948
p.G129D,-2.505549555
p.G129K,-3.343664828
p.G129L,-3.582941899
p.G129M,-2.189301505
p.G129P,-2.812428632
p.G129S,0.013712299
p.G129T,-3.438294948
p.R130A,-3.899292545
p.R130D,-3.134521736
p.R130F,-2.984739476
p.R130G,-2.13842062
p.R130L,-3.098140476
p.R130M,-3.102263402
p.R130P,-3.153431338
p.R130S,-3.390414346
p.R130T,-3.913332159
p.R130V,-3.626405699
p.T131D,-4.339122473
p.T131I,-1.91132903
p.T131K,-4.038418962
p.T131L,-3.816411333
p.T131R,-4.69623143
p.V133D,-3.519083579
p.V133F,-0.770370826
p.V133G,-1.325258965
p.V133K,-3.656068313
p.V133L,0.637751257
p.V133Q,-1.632835821
p.V133R,-4.226941133
p.V133S,-0.622910881
p.V133W,-3.129941398
p.V133Y,-2.536217931
p.M134A,-0.540252058
p.M134C,-1.410025415
p.M134E,-3.571865484
p.M134G,-0.471482481
p.M134H,-3.266785638
p.M134I,-1.711118421
p.M134Q,-3.076627144
p.M134R,-3.797569367
p.M134S,-1.900280378
p.M134T,-1.474679661
p.M134V,-1.608094929
p.M134W,-3.779629753
p.I135C,0.42898082
p.I135K,-3.487411871
p.I135R,-2.416379585
p.I135S,-1.082458538
p.I135T,-0.828195167
p.C136E,-4.169987717
p.C136G,-0.406842555
p.C136L,-3.347942253
p.C136M,-4.102223074
p.C136R,-4.785818379
p.A137D,-2.194705851
p.A137G,-0.483027947
p.A137K,-3.224153936
p.A137L,-0.794539496
p.A137M,-0.535723499
p.A137R,-3.133638698
p.A137S,-0.064188582
p.A137V,-0.075829912
p.A137W,-3.297809607
p.Y138G,0.446787754
p.Y138N,-3.250387082
p.Y138T,-0.770138448
p.Y138V,-0.176802895
p.L139A,0.197673701
p.L139E,-0.614213173
p.L139G,-0.910419371
p.L139H,-3.316335438
p.L139N,0.356011169
p.L139Q,-0.70898962
p.L139R,-3.81830649
p.L139S,-0.114442093
p.L139T,-1.31514863
p.L139V,-0.203863453
p.L139W,-3.260353583
p.L140A,-1.255608707
p.L140D,-3.606859625
p.L140E,-2.460131794
p.L140G,-2.603890218
p.L140H,-1.000948614
p.L140K,-3.340566643
p.L140M,0.715282386
p.L140R,-0.039744374
p.L140S,-2.323600948
p.L140T,-0.971323508
p.L140V,0.01659147
p.H141A,-0.900464697
p.H141G,-0.967301409
p.H141K,-1.483314894
p.H141L,-0.419802933
p.H141M,-0.176572939
p.H141P,-4.001333421
p.H141Q,-0.206474081
p.R142A,0.442084359
p.R142D,0.017122605
p.R142E,-0.823762887
p.R142G,0.366309756
p.R142M,-1.333783522
p.R142P,-3.689950405
p.R142Q,0.135925678
p.R142S,0.387512852
p.R142T,-0.014803323
p.R142V,-0.117344652
p.R142W,0.454450344
p.R142Y,-0.153697515
p.G143F,-1.206602798
p.G143I,-2.00985809
p.G143K,0.025945655
p.G143L,-1.976174511
p.G143M,-0.30262652
p.G143R,-0.302515392
p.G143V,-1.662612672
p.K144G,-0.374965285
p.K144I,-0.937904749
p.K144L,0.121088079
p.K144P,-0.470441682
p.K144Q,0.132805218
p.K144R,0.082133129
p.K144V,0.007894139
p.F145G,-0.545238895
p.F145P,-1.191512552
p.F145Q,0.21953027
p.F145R,-0.855749754
p.F145S,-0.494364653
p.F145V,-0.973507335
p.L146A,-0.330541429
p.L146C,0.305576552
p.L146D,-0.273747367
p.L146F,-0.316320544
p.L146G,0.290872426
p.L146K,-0.682771838
p.L146N,0.465489266
p.L146P,-0.186040118
p.L146Q,0.313585974
p.L146R,-0.909527404
p.L146T,-0.703832303
p.L146V,0.442299774
p.L146W,-0.921421045
p.K147A,0.366058243
p.K147D,0.286686388
p.K147E,-0.0432322
p.K147G,0.259900089
p.K147H,-0.088064273
p.K147I,0.383853867
p.K147L,0.328567553
p.K147P,-1.471469338
p.K147Q,0.095430711
p.K147R,0.495028779
p.K147V,0.240126722
p.A148G,-0.272574316
p.A148K,-3.215619612
p.A148L,-2.156452364
p.A148P,0.123535723
p.A148R,-3.368574396
p.A148W,-0.281968918
p.Q149C,0.011571911
p.Q149D,0.14522768
p.Q149E,-0.169880766
p.Q149F,0.017045461
p.Q149G,-0.693164853
p.Q149H,0.289723953
p.Q149K,-0.363747636
p.Q149L,-0.09999
p.Q149P,0.403046451
p.Q149R,0.069409208
p.Q149S,0.291858815
p.Q149T,-1.716457651
p.Q149V,-1.310452287
p.Q149W,0.161400563
p.A151D,-3.155266697
p.A151E,-3.529059091
p.A151G,-1.600140154
p.A151K,-3.25060476
p.A151L,-2.090533016
p.A151M,-2.653819499
p.A151R,-4.44269379
p.A151S,0.108251444
p.A151T,-0.677548146
p.A151V,-0.192065803
p.A151W,-3.370888431
p.L152C,-0.345014652
p.L152D,-3.69866368
p.L152G,-3.999718376
p.L152I,-1.522475281
p.L152N,-3.323123135
p.L152Q,-1.409417588
p.L152R,-3.915203711
p.L152T,-1.810034934
p.L152V,-0.530148115
p.L152W,-2.589208144
p.L152Y,-2.283273008
p.D153G,-1.263861083
p.D153L,-2.978147545
p.D153M,-0.198131585
p.D153P,-4.081988624
p.D153Y,-0.198140387
p.F154A,-0.740565079
p.F154C,-0.497652606
p.F154D,-2.55255695
p.F154E,-0.526604776
p.F154G,-2.740569512
p.F154H,-0.21206185
p.F154I,-1.468281925
p.F154K,-0.696631709
p.F154L,-2.456500643
p.F154M,-1.60794552
p.F154N,-1.520247519
p.F154P,-4.133895229
p.F154R,-0.432898523
p.F154S,-0.727309578
p.F154T,-0.223336481
p.F154V,-1.607021498
p.F154W,-0.539693497
p.Y155A,-4.050860317
p.Y155D,-1.60940589
p.Y155E,-3.479609273
p.Y155L,-2.631137789
p.Y155N,-2.937085175
p.Y155Q,-4.450384272
p.Y155R,-3.59453251
p.G156A,0.155049583
p.G156E,-0.21171445
p.G156M,-1.352983775
p.G156P,-4.060809111
p.G156Q,-0.884046718
p.G156R,-1.414582534
p.G156S,0.321726078
p.G156V,-3.356307888
p.E157A,-0.274798799
p.E157C,0.264637646
p.E157D,-0.296503895
p.E157F,-0.178355348
p.E157G,-0.345362978
p.E157M,0.393843271
p.E157P,-1.791816566
p.E157Q,-1.213360147
p.E157S,-0.258957985
p.E157V,-0.106572749
p.E157W,-0.165499068
p.V158A,-0.029934974
p.V158E,0.058162268
p.V158G,0.262826099
p.V158K,0.451866997
p.V158L,0.243452635
p.V158N,-0.647161222
p.V158Q,-0.799133035
p.V158R,0.101191281
p.V158S,0.421603552
p.V158T,-0.373736587
p.R159G,-4.311654205
p.T160A,-0.147078345
p.T160C,-0.675272928
p.T160D,-1.834311661
p.T160F,-0.182604299
p.T160G,-1.831417199
p.T160L,-1.529574018
p.T160N,-1.567353173
p.T160P,-4.177758536
p.T160Q,-2.060895111
p.T160S,-0.651139289
p.T160V,-0.939128953
p.T160W,-1.60875756
p.T160Y,-1.318591004
p.R161C,-0.124379305
p.R161E,-0.263511667
p.R161G,-1.186342623
p.R161K,-0.48363636
p.R161Q,0.277159223
p.R161S,-0.168646118
p.R161V,-0.18745373
p.D162A,-1.060893921
p.D162C,-0.746964548
p.D162F,-1.829103382
p.D162G,-0.862531601
p.D162H,-0.979911433
p.D162I,-1.767173491
p.D162L,-2.265976054
p.D162P,-3.223314533
p.D162S,-1.136227876
p.D162V,-1.034261851
p.D162Y,-2.051257464
p.K163A,-0.099886675
p.K163D,-0.166104587
p.K163E,-0.106957481
p.K163F,-0.483367732
p.K163G,0.132697463
p.K163I,-1.109722725
p.K163L,0.040354073
p.K163P,-2.561199292
p.K163Q,-0.039947998
p.K163R,0.326407297
p.K163S,0.191417176
p.K163T,-0.043836275
p.K163W,-1.292674371
p.K163Y,0.077612336
p.K164A,-0.03581224
p.K164D,-0.201391993
p.K164G,0.087286243
p.K164L,-0.748391523
p.K164M,0.298983325
p.K164P,-2.720705938
p.K164R,-0.082586075
p.K164S,-0.067781324
p.K164T,0.263762091
p.K164V,-0.312983414
p.K164W,-1.783070153
p.K164Y,-0.290639484
p.G165A,-0.525392418
p.V166C,0.055010884
p.V166E,-2.743778793
p.V166G,-3.272178517
p.V166H,-4.224507983
p.V166L,-1.458693495
p.V166M,-2.073735953
p.V166P,-2.857569378
p.V166R,-3.771916538
p.V166S,-3.126870557
p.V166T,-0.162956244
p.V166W,-3.376258138
p.V166Y,-3.581943742
p.T167A,-0.629513369
p.T167E,-0.003459925
p.T167F,-1.072317563
p.T167G,-0.547994996
p.T167H,-0.973962411
p.T167L,-0.352578057
p.T167M,-0.713652811
p.T167N,-0.330359334
p.T167P,-2.886146952
p.T167R,-0.035830499
p.T167S,-0.21159019
p.T167V,-1.004751257
p.T167W,-1.102044123
p.T167Y,-0.533499647
p.I168C,-0.430223705
p.I168E,-0.914274028
p.I168G,0.294967483
p.I168L,-0.297447145
p.I168M,0.123431539
p.I168P,-2.165350795
p.I168Q,0.260777952
p.I168R,0.25588383
p.I168S,-0.016833366
p.I168V,-0.48464445
p.I168W,0.156119239
p.I168Y,-0.679862194
p.S170G,-0.729240064
p.S170L,-3.839766187
p.S170P,-3.906805938
p.S170R,-3.080425155
p.S170W,-4.918303626
p.Q171A,-2.909707917
p.Q171D,-4.082248668
p.Q171E,-2.309708253
p.Q171G,-1.743530662
p.Q171L,-3.372063497
p.Q171M,-1.570446416
p.Q171N,-3.779537053
p.Q171P,-3.969713517
p.Q171R,-3.848693442
p.Q171S,-2.991513893
p.Q171T,-4.050982736
p.Q171V,-4.414204246
p.Q171W,-3.914113059
p.R172A,0.088176541
p.R172E,-0.885452131
p.R172G,0.31401646
p.R172K,-0.384006247
p.R172M,-0.120401552
p.R172N,-0.04929763
p.R172S,0.001096743
p.R172V,-0.662938725
p.R172W,-0.639371509
p.R172Y,-0.692443487
p.Y174V,-0.480931738
p.V175A,-0.786993544
p.V175D,-2.651978212
p.V175E,-3.154395681
p.V175F,-3.549854623
p.V175G,-3.168332469
p.V175L,-0.455910254
p.V175M,-2.255742013
p.V175P,-3.150334795
p.V175S,-2.598324011
p.Y176A,0.112262332
p.Y176D,-0.476576178
p.Y176G,0.108825653
p.Y176K,-0.346176276
p.Y176P,-4.043597533
p.Y176S,0.576948746
p.Y176T,0.633040909
p.Y176V,-0.509048145
p.Y176W,0.120070757
p.Y177A,-2.505613903
p.Y177C,-2.195495258
p.Y177I,-2.797259277
p.Y177K,-3.365986069
p.Y177L,-2.077881735
p.Y177M,-1.151359118
p.Y177P,-4.438750555
p.Y177R,-4.066652835
p.Y177V,-3.529085353
p.Y178A,-1.912046774
p.Y178C,-0.157358972
p.Y178E,-1.778122329
p.Y178G,-2.572797876
p.Y178I,0.259389474
p.Y178K,-2.318368747
p.Y178L,-3.188831238
p.Y178M,-0.292221194
p.Y178P,-3.603354423
p.Y178R,-4.229600941
p.Y178S,-0.513711166
p.Y178T,0.398063713
p.S179D,0.153434603
p.S179E,-0.019603989
p.S179F,0.702538314
p.S179I,-1.823909618
p.S179P,-3.605602428
p.S179V,-1.500064092
p.N184C,-0.523544877
p.N184G,0.406278956
p.N184I,-0.133646867
p.N184R,0.547625711
p.N184S,-0.252346064
p.L186C,0.217658511
p.L186G,-0.189731381
p.L186H,0.102909313
p.L186K,-0.414253094
p.L186P,-0.368403919
p.L186Q,0.00054157
p.L186R,-0.361981981
p.L186S,0.022039826
p.L186W,-0.667583905
p.L186Y,0.530079498
p.D187A,-0.528798608
p.D187F,-0.141588657
p.D187G,-0.978489232
p.D187H,0.232747332
p.D187I,-0.542131039
p.D187K,0.764808533
p.D187L,-0.56480598
p.D187M,0.337923978
p.D187N,-0.052395621
p.D187P,0.073118238
p.D187R,0.57807796
p.D187S,-0.153778515
p.D187T,-0.370029189
p.D187V,-2.009553924
p.D187Y,0.310992642
p.Y188C,0.079295522
p.Y188D,-2.31723372
p.Y188G,-0.558765563
p.Y188H,-0.464775231
p.Y188I,-0.324436813
p.Y188K,-2.979370375
p.Y188L,-0.28006536
p.Y188M,-1.081645667
p.Y188N,-0.590068982
p.Y188P,-0.022697221
p.Y188Q,-0.399787549
p.Y188R,-1.932910779
p.Y188S,-1.61478331
p.Y188T,-1.36850363
p.Y188V,-0.224088242
p.Y188W,0.139404326
p.R189D,-0.306626411
p.R189F,-0.159247086
p.R189G,0.215787427
p.R189I,0.468643366
p.R189K,0.36337903
p.R189L,-0.423500293
p.R189N,-0.131017342
p.R189P,-1.427668589
p.R189S,-0.021679776
p.R189T,-0.656458985
p.R189V,-0.295373545
p.V191G,0.141968056
p.V191K,0.101929265
p.V191S,0.575890081
p.A192E,-0.215853683
p.A192G,-0.877792499
p.A192H,-0.397964457
p.A192K,-0.45949783
p.A192L,0.333902317
p.A192M,-0.893111943
p.A192R,0.163232862
p.A192S,-0.274267812
p.A192T,-0.07934005
p.A192V,-0.235662873
p.A192W,0.188080588
p.A192Y,-0.048720648
p.L193C,-0.395262956
p.L193D,-2.752214537
p.L193G,-0.809891894
p.L193I,-0.261887724
p.L193K,-0.04222334
p.L193P,-2.767623865
p.L193Q,-0.269262984
p.L193R,0.122767924
p.L193V,-0.055421257
p.L194A,1.647285385
p.L194D,0.24289449
p.L194E,0.395816363
p.L194G,-1.542622592
p.L194K,0.350329031
p.L194M,0.448824206
p.L194Q,-0.911177246
p.L194R,-0.665474262
p.L194S,0.525812364
p.L194T,0.503303284
p.L194V,-0.306833621
p.L194Y,0.439674014
p.F195A,0.241232901
p.F195D,-3.727517344
p.F195E,-3.507177808
p.F195G,-3.431556955
p.F195I,0.247445289
p.F195R,-4.638493074
p.F195S,-2.315683977
p.F195V,-0.359917
p.F195Y,-0.319994224
p.H196A,-1.067667952
p.H196C,-0.355854943
p.H196E,0.022780654
p.H196F,-0.734314195
p.H196G,-1.273262786
p.H196L,-1.113961592
p.H196N,0.149028454
p.H196P,-3.014935988
p.H196Q,0.311118775
p.H196R,-0.042207317
p.H196S,-0.399517627
p.H196T,-0.245235068
p.H196V,0.118487145
p.H196Y,-0.050102608
p.K197A,-0.313277154
p.K197D,-2.05829358
p.K197E,-0.257379594
p.K197G,0.303967688
p.K197H,-0.258447061
p.K197L,-0.489010358
p.K197P,-3.9118346
p.K197Q,-0.719138201
p.K197R,-0.202049124
p.K197S,0.776282947
p.K197V,0.180799825
p.K197Y,0.3639311
p.M199V,-0.203242111
p.E201A,-0.785516329
p.E201C,0.445823433
p.E201F,0.116697714
p.E201G,-1.108468385
p.E201I,-0.267552856
p.E201L,0.115428312
p.E201M,0.775688815
p.E201P,-0.252023199
p.E201Q,-0.194830439
p.E201S,-1.24421183
p.E201T,0.109843782
p.E201V,-0.525867907
p.T202A,0.357495796
p.T202C,0.64409361
p.T202D,0.979342559
p.T202F,0.274843028
p.T202G,-0.066788664
p.T202H,0.010224361
p.T202I,0.104464019
p.T202L,-0.122661429
p.T202M,0.368401542
p.T202P,-2.501410543
p.T202Q,1.050440467
p.T202R,0.184071975
p.T202S,-0.408425513
p.T202W,0.304631835
p.T202Y,-0.000197646
p.I203A,-0.405167091
p.I203C,0.585615839
p.I203E,0.835258918
p.I203G,-0.29111692
p.I203P,0.23217705
p.I203R,0.047624333
p.I203S,0.050341571
p.I203V,0.449992047
p.P204A,-1.675323507
p.P204E,-0.29916785
p.P204L,-1.151147384
p.P204M,-1.072740453
p.P204R,-1.154320458
p.P204S,-1.0278526
p.P204T,-0.712419477
p.P204V,-1.103077537
p.M205A,1.023888169
p.M205E,0.209821132
p.M205G,-0.687894129
p.M205P,0.625901162
p.M205R,-0.046942623
p.M205S,0.661958614
p.M205T,1.068947339
p.M205W,0.081701999
p.F206A,-0.532076247
p.F206C,-0.675406937
p.F206D,-1.134390451
p.F206G,0.764277539
p.F206H,0.114699496
p.F206I,-0.577010272
p.F206L,-0.487284138
p.F206M,-0.373306737
p.F206P,0.434225489
p.F206Q,0.537000378
p.F206R,0.87825215
p.F206S,0.107972301
p.F206T,0.207345708
p.F206Y,0.610692817
p.S207C,0.280449024
p.S207G,-0.326808446
p.S207I,0.791676335
p.S207L,0.24622298
p.S207Q,0.853648935
p.S207R,-0.803178091
p.S207T,-0.843991642
p.G208A,0.548787192
p.G208C,-0.088355431
p.G208D,-0.519411894
p.G208E,-0.920218038
p.G208F,0.844482044
p.G208L,-0.275494961
p.G208M,-0.171513213
p.G208Q,-1.251929498
p.G208S,-0.319269965
p.G208T,-0.157031395
p.G208V,0.082618958
p.G209A,-0.51677954
p.G209D,-0.078948069
p.G209E,-0.113527991
p.G209F,-1.133471476
p.G209L,0.151783424
p.G209M,0.214955998
p.G209N,0.077410544
p.G209P,0.649800831
p.G209R,-0.074732992
p.G209S,0.492843064
p.G209V,-0.005761099
p.G209W,-0.332171111
p.T210D,-0.085955001
p.T210E,-0.392768177
p.T210K,-0.619428712
p.T210L,0.068923209
p.T210M,0.373682811
p.T210S,0.358678266
p.T210V,0.180920684
p.C211A,-0.592122653
p.C211D,-1.025872365
p.C211F,-0.772744358
p.C211G,-1.415989244
p.C211L,0.146988023
p.C211M,-0.135384063
p.C211N,-0.129158388
p.C211P,-0.281193745
p.C211R,0.312130887
p.C211S,-0.311251831
p.C211T,0.283674358
p.C211V,-0.431434513
p.N212A,0.323204569
p.N212F,0.629460189
p.N212G,-0.287476606
p.N212K,0.177159508
p.N212L,0.105604141
p.N212M,0.09383334
p.N212P,-0.264808585
p.N212Q,-0.040190997
p.N212R,0.464036126
p.N212V,1.021740903
p.N212Y,0.022167852
p.P213A,-0.529270074
p.P213F,-0.609314053
p.P213M,-1.019879809
p.P213V,-2.876468241
p.P213W,0.605164966
p.P213Y,-0.39785535
p.Q214C,1.124619507
p.Q214E,-1.075898161
p.Q214F,0.47016284
p.Q214G,0.222944313
p.Q214K,0.434904746
p.Q214L,2.569941519
p.Q214M,0.478654393
p.Q214P,-0.854975595
p.Q214R,0.652760339
p.Q214T,-1.505558345
p.Q214V,0.82131015
p.F215A,1.01375485
p.F215D,-3.339414998
p.F215E,-1.579897575
p.F215I,-0.072214647
p.F215K,-3.0502194
p.F215L,1.235044839
p.F215M,0.135031703
p.F215N,-1.779606088
p.F215P,-0.456611376
p.F215R,-3.680409079
p.F215S,-1.617436518
p.F215T,0.009855846
p.F215V,-0.339001647
p.V216A,-0.039076848
p.V216F,0.026862656
p.V216G,-0.515337303
p.V216L,-0.731685186
p.V216N,0.025105579
p.V216P,-3.432245966
p.V216S,-0.189006294
p.V216W,0.240145101
p.V216Y,-3.236140939
p.V217A,-0.767747278
p.V217F,-1.19129966
p.V217G,-3.075039008
p.V217I,-0.084991679
p.V217L,-0.263443049
p.V217N,-3.397855871
p.V217R,-3.533519923
p.V217S,-2.722581009
p.V217T,0.092482592
p.C218A,-0.366320139
p.C218E,0.316137262
p.C218F,-0.067032446
p.C218G,-0.178565511
p.C218H,1.321541416
p.C218I,-0.441839704
p.C218L,0.05234627
p.C218M,-0.401814325
p.C218P,-2.571580339
p.C218Q,0.623002268
p.C218S,-0.565269691
p.C218T,-1.957768983
p.C218V,-0.398775003
p.C218Y,-0.619513393
p.Q219M,-1.592912379
p.Q219P,-0.696254455
p.Q219R,-1.285040569
p.Q219T,0.378038835
p.Q219V,0.248617347
p.Q219W,-1.188358796
p.L220A,0.411224893
p.L220D,-2.526149374
p.L220F,-1.913936534
p.L220I,-0.173969523
p.L220M,0.199468074
p.L220P,0.32188432
p.L220R,-0.211706731
p.L220V,0.144250401
p.L220Y,-0.143542028
p.V222A,-0.421780955
p.V222E,-0.220603488
p.V222G,0.0379718
p.V222H,1.478387395
p.V222S,-0.344652674
p.K223A,0.139478222
p.K223C,0.313369196
p.K223F,-0.208494745
p.K223G,-0.030743731
p.K223H,0.590106833
p.K223L,0.17083081
p.K223R,-0.389047028
p.K223T,-0.783209287
p.K223V,-0.613164577
p.K223Y,0.176261524
p.I224A,0.620108198
p.I224C,-0.051201281
p.I224D,-0.077625891
p.I224E,-0.255561571
p.I224F,0.075268433
p.I224G,-1.43709981
p.I224H,-0.036972537
p.I224L,0.314390257
p.I224M,-0.679155106
p.I224P,0.179465923
p.I224Q,-0.642744286
p.I224R,-1.487875246
p.I224S,0.042207821
p.I224V,0.277366549
p.Y225A,-2.988421478
p.Y225D,-0.73632132
p.Y225E,0.230850054
p.Y225G,-0.148951072
p.Y225H,0.067101325
p.Y225I,-0.764934605
p.Y225K,-0.439488884
p.Y225L,0.927869327
p.Y225P,-0.941736079
p.Y225R,-2.832810809
p.Y225V,-0.011937415
p.S226D,0.317615135
p.S226E,-0.927605361
p.S226F,-0.116356424
p.S226G,0.408467447
p.S226K,-0.751958127
p.S226L,-0.087299952
p.S226M,0.403977798
p.S226R,0.207436096
p.S226T,-0.60117055
p.S226V,-0.021379239
p.S226W,-0.281981878
p.S227G,0.119898736
p.S227L,-0.265087247
p.S227N,0.365025809
p.S227P,-0.392647875
p.S227V,-0.286506389
p.S227Y,-0.146189684
p.N228A,-0.136516933
p.N228C,-0.436741203
p.N228D,0.333583927
p.N228E,-0.92251077
p.N228F,-0.281839836
p.N228G,0.140601551
p.N228H,-0.509857376
p.N228I,0.147691277
p.N228K,0.243424174
p.N228L,0.312799313
p.N228M,-0.059297078
p.N228P,0.403005272
p.N228Q,0.455165075
p.N228R,0.298595073
p.N228S,-0.382340099
p.N228T,-0.306134886
p.N228V,-0.590041519
p.N228Y,-0.184180681
p.S229A,-0.764739103
p.S229E,-0.31087158
p.S229F,-0.56555062
p.S229G,0.071079652
p.S229H,-0.07248874
p.S229K,-0.057153272
p.S229L,0.071161587
p.S229M,-0.413887336
p.S229P,0.346730605
p.S229R,0.461908568
p.S229V,0.174000131
p.S229Y,0.017478833
p.G230C,0.093411908
p.G230E,-0.174515691
p.G230M,0.130691112
p.G230R,-0.502422307
p.G230S,0.088262033
p.G230T,0.052336824
p.G230V,0.167952137
p.P231A,-0.367411061
p.P231C,0.487269505
p.P231D,-0.090616965
p.P231E,0.180980124
p.P231F,0.167978391
p.P231G,-0.425272139
p.P231I,-0.101338072
p.P231K,0.033644383
p.P231L,-0.478083198
p.P231M,-0.025665827
p.P231N,0.187680881
p.P231R,0.024287234
p.P231S,0.3040897
p.P231T,0.050858626
p.P231V,0.183474421
p.P231Y,-0.002439188
p.T232A,-0.087481652
p.T232C,0.21697
p.T232F,-0.27734087
p.T232G,0.159835207
p.T232I,0.661711504
p.T232L,-0.364835606
p.T232M,-0.418653577
p.T232N,0.033043157
p.T232R,-0.609585835
p.T232Y,-0.14796112
p.R233G,-0.395463744
p.R233P,-0.111703492
p.R233V,-1.934975952
p.R234E,0.234348898
p.R234G,-0.768462813
p.R234L,-0.04958407
p.R234M,-0.087578815
p.R234N,-0.697749817
p.R234Q,-0.838671496
p.R234S,0.344818343
p.R234V,-0.182313704
p.E235A,0.407277331
p.E235D,-1.592966165
p.E235G,0.639459572
p.E235H,-0.402434661
p.E235I,0.286643003
p.E235K,-0.079790955
p.E235L,0.413204829
p.E235P,-0.102961554
p.E235Q,-0.181317944
p.E235R,0.051774252
p.E235S,0.166333902
p.E235V,-0.703239937
p.E235W,-0.364954016
p.E235Y,0.405612876
p.D236A,-0.300869336
p.D236C,0.207884716
p.D236E,0.313149241
p.D236F,-2.245571795
p.D236G,0.744969458
p.D236H,-0.065315079
p.D236I,0.007023903
p.D236K,-0.690247396
p.D236L,-0.044314964
p.D236N,-1.461596712
p.D236R,0.319373654
p.D236S,-0.076832953
p.D236T,0.155671029
p.D236V,-0.551205034
p.K237I,-0.124547361
p.K237L,-0.423339945
p.K237M,-0.204965082
p.K237R,0.202118629
p.K237T,-0.20339059
p.K237W,-1.089100794
p.F238A,0.342686466
p.F238C,0.408663318
p.F238D,0.2251515
p.F238G,0.366651721
p.F238K,-2.089509891
p.F238L,0.171033961
p.F238M,-2.615228597
p.F238P,-0.309319901
p.F238R,1.262521633
p.F238T,-0.011093315
p.F238V,-0.963222966
p.F238Y,0.012233047
p.M239C,-0.264535157
p.M239F,0.083315842
p.M239G,-0.666166452
p.M239L,-2.05187649
p.M239P,-1.896236837
p.M239R,-1.05115683
p.M239V,-0.286519111
p.M239Y,-0.336967872
p.Y240A,0.373307896
p.Y240C,-1.550713967
p.Y240F,-0.232430668
p.Y240G,0.281359071
p.Y240I,0.474667407
p.Y240K,0.219865438
p.Y240L,-0.077274162
p.Y240M,0.218499296
p.Y240P,-0.117105709
p.Y240Q,-0.841999378
p.Y240R,-0.267695977
p.Y240S,1.519855861
p.Y240T,0.665840968
p.Y240V,0.593812475
p.Y240W,-0.344409864
p.F241A,-2.784479186
p.F241C,-1.412893412
p.F241D,-3.015208184
p.F241I,-0.479958154
p.F241K,-1.382089467
p.F241L,-0.964800641
p.F241P,-3.62120015
p.F241Q,-4.389229194
p.F241S,-2.399434227
p.F241V,-1.07234118
p.E242G,-0.067617082
p.F243A,-2.38105268
p.F243C,-0.258737857
p.F243D,-4.190215223
p.F243E,-2.895954672
p.F243G,-4.005361312
p.F243H,-0.176956589
p.F243I,-0.612401315
p.F243K,-2.566498073
p.F243L,0.419201042
p.F243M,-0.433333997
p.F243N,-2.560985547
p.F243Q,-0.323891059
p.F243R,-2.394136734
p.F243S,-1.328949864
p.F243T,0.60750353
p.F243V,-0.101071768
p.F243W,-0.445615978
p.F243Y,-0.347334002
p.P244C,-0.13947497
p.P244D,0.588529023
p.P244F,0.252489435
p.P244G,-0.471571586
p.P244H,-2.264222552
p.P244K,-0.346139322
p.P244L,-0.540731457
p.P244N,0.05488414
p.P244Q,0.070576411
p.P244R,0.292381878
p.P244S,-1.681686618
p.P244T,1.147409932
p.P244V,0.604018593
p.P244W,-1.477303083
p.P244Y,-1.823518401
p.Q245A,-0.436763053
p.Q245C,0.316503919
p.Q245D,-0.007052812
p.Q245G,0.772337248
p.Q245I,-0.386368087
p.Q245K,0.337270329
p.Q245L,-0.678996826
p.Q245M,-0.33394995
p.Q245R,-0.112763922
p.Q245S,0.416776203
p.Q245T,0.449829592
p.Q245V,-0.374910154
p.P246A,0.199432887
p.P246C,-0.483885597
p.P246E,-1.032840484
p.P246K,-1.312804518
p.P246L,-1.62165261
p.P246Q,-1.869667754
p.P246R,-0.466168215
p.P246T,-0.179581314
p.P246V,-0.363263931
p.P246Y,-1.629170542
p.L247E,-1.012369754
p.L247H,-0.676743812
p.L247M,0.375903938
p.L247Q,-0.657234648
p.L247T,0.004026305
p.P248G,-0.225867144
p.P248K,-0.071684167
p.P248T,-0.279014451
p.V249E,-4.027768654
p.V249M,-0.30689816
p.C250E,0.210187963
p.C250G,-0.88545145
p.C250S,-0.493027761
p.C250T,1.099040311
p.C250V,-1.851031473
p.C250W,0.199008669
p.C250Y,-0.45518641
p.D252A,-1.918841595
p.D252C,-1.680260758
p.D252E,-0.22660195
p.D252G,-2.091414016
p.D252H,-1.84204098
p.D252I,-4.372087056
p.D252K,-4.135760484
p.D252L,-5.09138957
p.D252M,-3.969014097
p.D252P,-3.681435998
p.D252S,-0.389315528
p.I253A,-2.334504425
p.I253C,-0.231733009
p.I253D,-3.424054296
p.I253F,0.359071426
p.I253G,-3.260183805
p.I253L,0.258894593
p.I253M,0.243798465
p.I253Q,-2.161476557
p.I253R,-3.757392883
p.I253S,-1.755009756
p.I253V,-0.189695437
p.I253W,-2.479729727
p.I253Y,-0.319065828
p.K254A,-0.156299067
p.K254C,0.25788454
p.K254E,-0.032161971
p.K254G,-0.251384959
p.K254H,-0.372450708
p.K254L,0.261891068
p.K254M,0.219096965
p.K254N,-0.080783403
p.K254P,-3.987704554
p.K254Q,0.144530628
p.K254R,0.068069961
p.K254S,-0.289094405
p.K254T,-0.065475659
p.K254V,-1.091394516
p.V255A,-1.299737196
p.V255E,-3.110089104
p.V255G,-1.093648605
p.V255K,-5.297296757
p.V255M,-0.906832142
p.V255Q,-4.095718765
p.V255R,-4.551111441
p.V255S,-3.117253426
p.V255T,-1.469904543
p.E256G,0.80183602
p.E256M,1.854450925
p.E256R,-0.33897146
p.E256V,-0.690202148
p.E256Y,-0.137151343
p.F257A,-0.906292197
p.F257C,0.775189048
p.F257D,-3.208979894
p.F257E,-3.410849018
p.F257I,-1.728834464
p.F257K,-3.271192837
p.F257L,-2.055963973
p.F257S,-1.280942074
p.F257T,-0.856988193
p.F257V,-0.603762482
p.F257W,-0.886005156
p.F258A,0.061041478
p.F258E,-0.393239257
p.F258G,-0.359620091
p.F258Q,-0.366433236
p.F258R,0.229159396
p.F258V,-0.383958819
p.F258W,0.311436041
p.H259D,-0.057671696
p.H259E,-0.06020705
p.H259F,-2.07101486
p.H259G,-0.106207807
p.H259K,-0.739531566
p.H259L,-0.147592018
p.H259Q,0.745998384
p.H259R,-0.24991993
p.H259S,-0.196048043
p.H259T,0.604336776
p.H259V,-0.355978653
p.H259W,0.442483669
p.K260A,0.066465222
p.K260C,-0.355302061
p.K260E,0.02328823
p.K260G,-2.135786021
p.K260I,-0.739948748
p.K260L,-0.970448101
p.K260M,-0.731596824
p.K260P,-0.121637659
p.K260R,0.627852079
p.K260T,-0.730569584
p.K260V,-0.017864665
p.K260Y,-0.981789601
p.Q261A,-0.040737965
p.Q261G,-0.024907671
p.Q261M,0.047646494
p.Q261S,-0.139098499
p.Q261T,0.665553992
p.Q261V,-2.484397606
p.N262A,-2.802167852
p.N262C,0.147092106
p.N262D,-1.15376965
p.N262F,-0.260237664
p.N262G,-0.669459654
p.N262H,0.5164229
p.N262L,0.443238974
p.N262P,1.145295269
p.N262S,-0.208004646
p.N262T,-0.254179099
p.N262V,0.340179658
p.K263A,-3.352694124
p.K263C,0.296512335
p.K263D,-1.392595066
p.K263E,-1.674110151
p.K263G,-1.99661826
p.K263H,-0.497739058
p.K263I,0.211712819
p.K263L,0.531466754
p.K263M,-0.198990579
p.K263N,-0.664740119
p.K263P,0.259657317
p.K263Q,-0.3771465
p.K263R,0.297181218
p.K263S,-0.431929341
p.K263T,-0.1154591
p.K263V,0.488843125
p.K263W,0.538260887
p.K263Y,0.678741546
p.M264E,-2.649624423
p.M264G,-0.800855587
p.M264L,-0.163757612
p.L265D,-1.427535347
p.L265E,-2.221019044
p.L265F,0.388192068
p.L265H,-2.156211971
p.L265I,0.073584136
p.L265P,-0.316955762
p.L265Q,0.025460444
p.L265R,-0.742967177
p.L265T,0.591285964
p.L265V,0.054742376
p.K266L,0.21510799
p.D268G,0.6818906
p.D268S,0.499153385
p.D268V,1.208304094
p.K269A,-0.439514534
p.K269C,-1.024377886
p.K269D,-0.510371243
p.K269E,0.798877234
p.K269F,-0.180855725
p.K269L,-0.881476894
p.K269M,-0.67494843
p.K269N,0.313468971
p.K269Q,-1.599533939
p.K269R,-0.208483013
p.K269S,-0.375193703
p.K269T,0.248974802
p.K269V,0.278942112
p.K269W,-0.447229807
p.K269Y,0.302658217
p.M270A,-0.175358457
p.M270C,0.758600244
p.M270D,-0.386909895
p.M270G,0.067408938
p.M270I,-0.227624975
p.M270K,-0.927264417
p.M270L,-0.313448627
p.M270N,-2.573026914
p.M270P,-0.280159839
p.M270R,-0.371286272
p.M270S,0.240106118
p.M270T,-1.555538937
p.M270V,-0.181295504
p.F271C,-0.516813812
p.F271D,-4.151251343
p.F271I,-0.754172145
p.F271P,-3.669610399
p.F271Q,-3.237178683
p.F271R,-4.344105901
p.F271S,-3.410194641
p.F271T,-2.16993764
p.F271V,-0.750790888
p.F271Y,-0.781309238
p.H272D,0.361649055
p.H272G,-0.526348452
p.H272I,-0.312917104
p.H272K,-0.273837082
p.H272L,-0.021571084
p.H272M,-0.545733923
p.H272P,-3.655091225
p.H272R,-0.519671614
p.H272S,0.3838721
p.F273A,0.304462516
p.F273E,-3.828800968
p.F273I,-0.066632035
p.F273L,0.253328072
p.F273M,0.095386519
p.F273R,-2.84221594
p.F273T,-1.093199118
p.F273V,-0.432335211
p.F273W,-1.383970514
p.F273Y,-0.808295025
p.W274A,0.179771679
p.W274K,-2.580845178
p.W274M,0.425073568
p.W274P,-3.035687436
p.W274Q,0.267939623
p.W274R,-1.187520534
p.W274S,-0.245294227
p.W274T,-1.002130881
p.W274V,-0.623466549
p.V275C,-0.39003381
p.V275G,-2.611960267
p.V275L,0.011318534
p.V275W,-0.207909691
p.N276A,-4.173494178
p.N276H,-0.922466822
p.N276L,-3.409007011
p.N276Q,-1.388918222
p.N276S,-1.068284933
p.N276T,-3.352586456
p.N276V,-4.324128276
p.T277A,-0.705835287
p.T277C,-0.371252462
p.T277D,-4.170985566
p.T277L,-0.587319506
p.T277M,0.124574627
p.T277Q,-3.648899713
p.T277R,-3.839319668
p.T277S,-0.103537697
p.T277V,-0.487839486
p.T277Y,-4.301741989
p.F278D,-1.270759678
p.F278E,-2.023424762
p.F278G,0.41270805
p.F278K,0.195418149
p.F279C,0.026314249
p.F279E,-2.005079677
p.F279G,0.027300287
p.F279I,-0.138644878
p.F279L,-1.038028643
p.F279M,0.650491492
p.F279N,-0.585351785
p.F279P,-1.032123922
p.F279R,-0.684882401
p.F279S,-0.152712991
p.F279T,-0.531555315
p.F279Y,-0.033221043
p.I280A,-1.006761843
p.I280C,0.297201581
p.I280D,-0.820752697
p.I280E,-0.606959386
p.I280F,-0.348301498
p.I280G,-0.297943687
p.I280K,-0.279695294
p.I280L,-0.088402966
p.I280M,0.258387194
p.I280P,0.158663537
p.I280R,-0.260377902
p.I280S,-0.465313906
p.I280T,-0.12266483
p.I280V,-0.063958094
p.P281C,-0.380569603
p.P281L,0.75184484
p.P281N,0.803741468
p.P281Q,0.324660836
p.P281R,-0.228243755
p.P281T,0.427181457
p.P281V,0.566405786
p.G282M,-0.305137181
p.G282S,-0.030964619
p.E284G,-0.514682946
p.E285A,0.331256716
p.E285C,0.128039275
p.E285D,-1.569022919
p.E285G,0.365695125
p.E285K,-0.13737957
p.E285L,0.522924586
p.E285M,0.233860621
p.E285N,0.307082789
p.E285P,0.239296428
p.E285R,0.296514311
p.E285S,0.188522453
p.E285T,-0.008014914
p.E285V,-0.914139349
p.E285W,-0.198147011
p.E285Y,-1.5657867
p.T286A,-0.467157622
p.T286C,0.382857614
p.T286G,-0.713724833
p.T286I,-0.570290853
p.T286P,0.03168614
p.T286V,0.190019891
p.T286Y,-0.163353085
p.S287D,-2.228490637
p.S287E,0.405522052
p.S287F,0.545286037
p.S287G,-0.018384863
p.S287H,-0.380378732
p.S287I,0.266943458
p.S287K,0.176689367
p.S287L,0.528255198
p.S287P,-0.774894265
p.S287R,0.539017635
p.S287V,0.126784207
p.E288I,0.88972365
p.E288T,-0.307634287
p.K289A,0.803667882
p.K289D,0.176817838
p.K289E,0.135336957
p.K289G,-0.031308838
p.K289N,0.133272264
p.K289P,0.290233346
p.K289R,-0.087254093
p.K289S,-0.408893332
p.K289T,0.277761748
p.K289V,-0.001589615
p.N292A,0.140499593
p.N292G,0.398117568
p.N292I,-0.145861589
p.N292L,0.042356333
p.N292R,-0.236724159
p.N292S,0.425714098
p.N292V,0.396944207
p.G293A,0.096472082
p.G293S,-0.018397135
p.G293V,-0.123332384
p.S294L,-0.105540257
p.S294T,-0.210045167
p.S294V,0.319140478
p.S294W,0.192073963
p.S294Y,0.019541338
p.L295A,-0.33689962
p.L295C,0.258763924
p.L295D,0.171015302
p.L295E,1.274715897
p.L295F,0.534893593
p.L295G,-1.11496979
p.L295H,1.381929029
p.L295M,-0.45409149
p.L295P,-0.352205588
p.L295R,-0.181936467
p.L295S,0.292833398
p.L295V,0.279308771
p.L295Y,-0.313263836
p.C296I,0.024023164
p.C296R,-0.590263492
p.C296S,-0.382407456
p.C296T,0.321722913
p.D297F,0.943951879
p.D297L,-1.164763674
p.D297V,0.197915204
p.Q298C,0.644252449
p.Q298E,0.305203537
p.Q298F,-0.697009232
p.Q298G,0.390733057
p.Q298L,0.177717354
p.Q298M,0.346207384
p.Q298P,-0.087126395
p.Q298R,0.241017789
p.Q298S,0.016246307
p.Q298T,0.163453476
p.Q298V,-0.178510792
p.Q298W,0.137072752
p.E299A,-0.035430337
p.E299C,0.241552213
p.E299G,0.360438462
p.E299I,0.186967911
p.E299K,0.093833979
p.E299L,-0.010396959
p.E299M,-0.261289939
p.E299S,0.220829105
p.E299T,-0.494610036
p.E299V,-0.291431721
p.E299W,0.111750207
p.E299Y,0.458806109
p.I300A,0.540427512
p.I300K,0.132461884
p.I300V,0.02123078
p.I303A,-0.066830117
p.I303C,-0.178562214
p.I303F,0.154374286
p.I303K,0.212914154
p.I303L,0.165447608
p.I303M,-0.334396513
p.I303P,-0.110113796
p.I303Q,-0.198434468
p.I303R,0.375342098
p.I303S,-0.191852072
p.I303T,0.202383331
p.I303V,-0.742416067
p.I303W,0.068257358
p.I303Y,-0.175531424
p.C304E,-0.070663822
p.C304P,-0.122451372
p.C304R,0.215848286
p.S305A,0.140018275
p.S305C,-0.091562869
p.S305F,0.069191657
p.S305I,-0.511524226
p.S305K,-0.015779883
p.S305L,-0.140972621
p.S305M,0.131920707
p.S305P,0.12692522
p.S305Q,0.150396572
p.S305R,-0.231165462
p.S305T,0.250830122
p.S305W,-0.762882245
p.I306A,-0.101908871
p.I306C,0.118224566
p.I306E,-1.153115416
p.I306F,-0.463353128
p.I306G,-0.338459086
p.I306H,0.062252573
p.I306L,-0.542613054
p.I306M,-0.408617249
p.I306P,-0.253382633
p.I306S,-0.039315377
p.I306T,-0.003008377
p.I306V,-0.046453315
p.I306Y,-0.103033326
p.E307A,-0.533933944
p.E307G,-0.642641573
p.E307I,-0.683248893
p.E307K,-0.399908308
p.E307L,-0.565835346
p.E307M,0.11374851
p.E307N,-0.192194242
p.E307P,-0.526454863
p.E307R,-0.632598309
p.E307S,0.223708006
p.E307T,0.045450256
p.E307V,-0.317429705
p.E307W,0.155774086
p.R308A,0.427125057
p.R308C,-0.016977117
p.R308G,-0.335327599
p.R308H,0.152864335
p.R308I,-0.125408547
p.R308K,-0.295560831
p.R308L,-0.200516918
p.R308M,0.078323438
p.R308N,0.355001422
p.R308P,0.131600319
p.R308T,-0.13731309
p.R308V,0.000222462
p.R308W,-0.603493177
p.A309G,-0.677837173
p.A309H,-0.142069527
p.A309I,-0.106033688
p.A309P,-0.472660564
p.A309R,0.029047426
p.A309V,-0.287980586
p.D310E,-0.374944258
p.D310G,-1.9190243
p.D310L,-0.955700159
p.D310R,-0.050407522
p.D310S,-0.197053191
p.D310V,-0.161696743
p.D310W,0.157455661
p.N311A,-0.256732518
p.N311D,0.549559228
p.N311E,-0.525817347
p.N311G,-0.40900175
p.N311I,-0.368551949
p.N311K,-0.1370976
p.N311L,-0.150821097
p.N311M,0.298004806
p.N311P,-0.265933483
p.N311R,0.160827416
p.N311S,-0.455530481
p.D312G,0.017226032
p.D312L,0.210559743
p.D312R,0.086547226
p.D312T,-0.513798673
p.D312V,0.246567182
p.D312W,-0.699362495
p.K313F,0.263728805
p.K313I,0.335266733
p.K313P,-0.332975485
p.K313R,0.348153996
p.K313S,-0.261006592
p.K313V,0.484549337
p.K313W,0.365916359
p.K313Y,-0.507912852
p.E314A,0.145568054
p.E314G,0.254206547
p.E314P,0.320937896
p.E314T,0.005617582
p.E314V,0.007968134
p.Y315D,-0.064488768
p.Y315E,-0.008313906
p.Y315G,-0.671794017
p.Y315K,-0.211992531
p.Y315L,0.020053345
p.Y315M,0.039186984
p.Y315T,0.00405296
p.Y315V,-0.502330035
p.L316A,-0.414588779
p.L316E,-0.791860622
p.L316S,-0.515628984
p.L318A,0.373467457
p.L318C,0.105250692
p.L318D,-0.091418681
p.L318E,0.306558819
p.L318F,0.152308099
p.L318G,-0.433796215
p.L318M,0.101439284
p.L318N,-1.353487102
p.L318P,-1.204674881
p.L318Q,0.298405057
p.L318R,-0.012610922
p.L318S,-0.700622398
p.L318T,-2.537618042
p.L318V,-0.638173905
p.L318W,0.310747605
p.L318Y,0.068015042
p.T319C,-0.890049285
p.T319D,0.071442891
p.T319E,0.430249195
p.T319F,-0.569874305
p.T319G,-0.272186089
p.T319H,0.061855529
p.T319I,-0.395170749
p.T319L,-0.130258972
p.T319M,-0.478623798
p.T319N,-0.54160433
p.T319P,-3.143921554
p.T319Q,-0.256454591
p.T319R,-0.521580986
p.T319S,0.179045747
p.T319Y,-0.599272427
p.L320A,-1.449916493
p.L320C,0.551076023
p.L320E,-1.949108942
p.L320F,0.205982094
p.L320G,-3.001376629
p.L320H,-1.062272576
p.L320I,-0.190847095
p.L320M,0.229608665
p.L320N,-1.91541425
p.L320Q,-1.830923768
p.L320R,-1.577249952
p.L320S,-3.354291648
p.L320V,-0.404352278
p.L320Y,0.021706582
p.T321C,-0.483254299
p.T321D,-0.637064671
p.T321E,0.214039464
p.T321F,-0.188785815
p.T321G,-0.168097646
p.T321H,-0.039158565
p.T321L,0.238252719
p.T321M,-0.825305778
p.T321N,0.205831819
p.T321P,0.147777256
p.T321Q,-0.205325457
p.T321R,0.154454859
p.T321S,0.501744438
p.T321V,-0.251447114
p.T321W,0.108413026
p.T321Y,-0.030058191
p.K322A,-0.501053442
p.K322F,-0.213060835
p.K322G,-0.319558684
p.K322I,-0.784966275
p.K322L,-0.126436916
p.K322P,-0.176134621
p.K322Q,-0.044154456
p.K322R,-0.159519435
p.K322S,-0.920297582
p.K322T,-0.839339509
p.K322V,-0.428603659
p.K322W,-0.17457277
p.L325A,-2.360927771
p.L325E,-4.265184039
p.L325F,-0.600263011
p.L325I,-0.090288941
p.L325M,-0.184043081
p.L325N,-2.26878391
p.L325Q,-2.341253104
p.L325R,-4.820152586
p.L325S,-1.70356252
p.L325T,-0.781019405
p.L325V,-0.067540199
p.L325Y,-3.181523937
p.N329A,-0.1415999
p.N329C,0.479490993
p.N329F,0.534380031
p.N329G,0.745540865
p.N329L,-0.131915462
p.N329M,0.051268764
p.N329P,-0.179153391
p.N329Q,0.429920836
p.N329R,0.123708397
p.N329S,-0.847337375
p.N329V,-0.387630643
p.N329W,-0.064353642
p.N329Y,-0.753157165
p.K330A,-0.691459608
p.K330E,-0.094749104
p.K330F,-0.920170548
p.K330G,-0.100752538
p.K330I,-0.43419307
p.K330L,0.047688179
p.K330M,-0.078860233
p.K330N,-0.146768858
p.K330Q,-0.48130456
p.K330R,-0.284818153
p.K330S,0.35294305
p.K330T,-1.229300708
p.K330V,0.102745283
p.K330W,-0.775186571
p.K330Y,-0.24774865
p.D331A,-0.342820013
p.D331C,-0.062517897
p.D331E,-0.106549468
p.D331G,-0.308232717
p.D331I,0.108044372
p.D331K,-0.450996072
p.D331L,-0.011691495
p.D331M,0.260339887
p.D331P,-0.72807672
p.D331R,0.235881595
p.D331S,0.453006194
p.D331T,-0.266253104
p.D331V,-0.129456585
p.K332E,-0.565792484
p.K332N,-0.580603864
p.K332Q,-0.686220108
p.K332R,-0.400879512
p.K332V,2.133164177
p.A333T,-0.301088162
p.N334I,0.902762292
p.N334K,-0.37149096
p.N334V,-0.755404173
p.F337A,-0.821673889
p.F337C,-0.328312521
p.F337L,-0.327920709
p.F337M,-0.260933993
p.F337S,-0.103904016
p.S338F,0.195216527
p.N340K,-0.162603694
p.F341C,0.15007616
p.F341G,-1.240520111
p.F341L,0.119801932
p.F341V,0.181499137
p.K342H,-0.880035493
p.K342L,0.934445631
p.K342R,-0.034510203
p.V343C,2.029086759
p.V343W,0.161837507
p.K344C,-0.134863308
p.K344E,-0.781673481
p.L345D,-2.11230153
p.L345M,-0.721748784
p.L345N,-0.599665783
p.L345T,-0.624199907
p.Y346S,0.027670927
p.F347W,-0.197086792
p.T348R,1.178387752
p.T348V,0.512394672
p.K349T,2.817850545
p.V351D,0.424556241
p.V351G,-0.661614945
p.V351I,-0.42630929
p.V351K,0.025939651
p.V351P,-0.884076174
p.V351Q,-0.006342707
p.V351S,0.248849493
p.P354A,-0.238127802
p.P354C,-0.177225318
p.P354D,-0.350374269
p.P354E,-0.028273482
p.P354F,-0.135401907
p.P354G,0.016252152
p.P354H,0.282850596
p.P354I,-0.120310934
p.P354K,0.043341501
p.P354L,0.161537112
p.P354M,-0.126123833
p.P354Q,0.091060946
p.P354R,0.294818288
p.P354S,0.451948254
p.P354T,-0.319931559
p.P354V,-0.099680156
p.P354W,-0.402920845
p.P354Y,-0.496167339
p.S355A,0.025582181
p.S355C,0.053087793
p.S355D,-0.232799767
p.S355E,0.305235209
p.S355G,0.10411456
p.S355I,0.328213274
p.S355L,0.27217391
p.S355P,-0.503290723
p.S355R,-0.262413157
p.S355T,0.113998998
p.N356E,0.23044276
p.N356F,-0.357720646
p.N356R,0.269308651
p.N356T,0.081086966
p.P357A,0.044699285
p.P357G,0.578188322
p.P357L,-0.910860996
p.P357Q,0.327586602
p.P357R,-0.557433663
p.P357S,-1.637732474
p.P357V,0.422939889
p.E358G,0.206613867
p.E358H,0.381045785
p.E358L,-0.759689466
p.E358M,0.16308107
p.E358S,0.549452528
p.E358V,0.049884251
p.S360E,-0.284157916
p.S360G,-0.28150236
p.S360K,0.155989445
p.S360L,0.293412426
p.S360M,-0.852977305
p.S360N,-0.482792201
p.S360P,0.14405278
p.S360R,-0.385775887
p.S360W,0.44373794
p.S361A,-0.093377933
p.S361C,0.036921722
p.S361F,0.118484048
p.S361G,-0.197729662
p.S361H,0.141796104
p.S361I,0.154237354
p.S361K,0.125484213
p.S361L,-0.28117435
p.S361M,-0.064171862
p.S361P,-1.083772172
p.S361Q,0.060789041
p.S361R,-0.275930831
p.S361T,-0.646906602
p.S361V,-0.251450359
p.S361W,-0.389768344
p.S362E,-0.250463504
p.S362G,0.274937467
p.S362L,0.106442212
p.S362R,-1.136925658
p.S362T,-0.566974742
p.S362V,-0.155475854
p.T363D,0.076695717
p.T363E,0.006369856
p.T363F,-0.035269586
p.T363G,-1.059063416
p.T363I,-0.061929424
p.T363P,-0.211277776
p.T363R,-0.844602222
p.T363S,0.079798445
p.T363V,0.203403893
p.T363Y,-0.619918558
p.S364A,-0.440846595
p.S364C,-0.224693827
p.S364D,0.166544625
p.S364E,0.193080381
p.S364G,-0.291408842
p.S364H,0.445677185
p.S364L,0.122246636
p.S364P,-0.898000649
p.S364Q,-0.076447579
p.S364R,-0.601809654
p.S364T,0.137810817
p.S364V,0.208676298
p.S364Y,-0.455094969
p.V365A,-0.191515549
p.V365C,-0.596376307
p.V365D,0.258336999
p.V365F,-0.221820818
p.V365I,-0.102592235
p.V365K,-0.451043363
p.V365L,0.287927641
p.V365P,0.065808608
p.V365T,0.0146175
p.V365W,0.07015925
p.T366D,-0.548576679
p.T366E,-0.326245098
p.T366G,0.128093393
p.T366K,0.409599754
p.T366L,-0.056708327
p.T366N,0.548930617
p.T366R,0.419572306
p.T366S,0.333265334
p.T366V,-0.226459796
p.T366W,-0.160570095
p.T366Y,-0.292584202
p.P367C,0.367773903
p.P367E,-0.462355306
p.P367G,-0.099319335
p.P367K,0.057358393
p.P367L,0.181416171
p.P367M,-0.18684811
p.P367Q,-0.468716121
p.P367R,-0.643103019
p.P367T,-0.45389308
p.P367V,-0.042837587
p.P367W,0.244863532
p.D368A,-0.111682081
p.D368E,0.110797233
p.D368G,0.185739404
p.D368H,0.467547045
p.D368I,0.357108292
p.D368L,0.260852187
p.D368R,-0.068323834
p.D368S,0.17263625
p.V369F,-0.263332891
p.V369G,-0.049971587
p.V369L,-0.263036513
p.V369M,0.386889371
p.V369P,-0.205310166
p.V369R,0.070454619
p.V369S,-0.13574504
p.V369T,-0.21298222
p.V369W,0.41199863
p.S370A,-0.201968501
p.S370C,-0.51093417
p.S370F,-0.226608446
p.S370G,-0.463366354
p.S370K,0.471140557
p.S370L,-0.050826743
p.S370M,-0.241575258
p.S370P,0.553858192
p.S370Q,0.397559897
p.S370R,-0.107652327
p.S370T,0.224647662
p.S370V,-0.147729013
p.D371A,-0.32204697
p.D371F,0.026385105
p.D371G,0.610034663
p.D371L,-0.31354472
p.D371M,0.354491839
p.D371N,-0.109162145
p.D371P,-0.58581759
p.D371Q,0.343610303
p.D371R,-0.229040667
p.D371S,0.132416983
p.D371T,0.465972809
p.D371V,0.269513753
p.D371W,-0.045628137
p.N372A,0.133163228
p.N372I,-0.140177215
p.N372L,0.014819023
p.N372P,-0.211878614
p.N372R,0.283795588
p.N372S,-0.002440772
p.N372T,-0.761720869
p.N372V,-0.467330616
p.N372W,0.122729004
p.N372Y,-0.207175621
p.D375A,0.25025871
p.D375E,-0.133487846
p.D375G,-0.166271472
p.D375L,0.206509298
p.D375M,0.272618135
p.D375N,0.135945075
p.D375P,0.23264899
p.D375R,0.501843989
p.D375T,0.201477984
p.D375V,-0.318001062
p.H376A,0.097821899
p.H376D,0.204742068
p.H376E,0.331455112
p.H376F,0.061821112
p.H376G,0.18488838
p.H376I,-0.197904205
p.H376K,-0.378542786
p.H376L,-0.208089638
p.H376M,-0.09526768
p.H376P,0.000152376
p.H376Q,-0.279121306
p.H376R,0.142067967
p.H376S,0.364543286
p.H376T,0.150929429
p.H376V,-0.092783235
p.H376W,-0.07947072
p.H376Y,-0.505485733
p.Y377A,0.341941315
p.Y377C,0.389552507
p.Y377D,0.476946482
p.Y377E,-0.136909539
p.Y377F,0.035690154
p.Y377G,0.021906173
p.Y377H,0.151235027
p.Y377I,0.282513089
p.Y377K,-0.52169134
p.Y377L,-1.564783144
p.Y377M,0.346714368
p.Y377N,0.127981773
p.Y377P,-1.248894925
p.Y377Q,0.316281912
p.Y377R,-0.467990773
p.Y377S,0.410319173
p.Y377T,0.34822432
p.Y377W,0.065078397
p.R378A,0.246561463
p.R378D,0.199274551
p.R378F,0.413905408
p.R378G,0.375919017
p.R378L,0.232676134
p.R378P,0.297905226
p.R378S,0.39790195
p.R378T,-0.314750465
p.R378V,0.347588072
p.R378Y,0.35886085
p.Y379A,-0.444977204
p.Y379D,0.682693799
p.Y379G,0.597215834
p.Y379K,-0.050999366
p.Y379L,0.20145241
p.Y379M,0.57354663
p.Y379P,-0.022652247
p.Y379R,-0.352448088
p.S380Q,0.115182287
p.T383A,-0.220888987
p.T383D,-0.151251305
p.T383V,-1.279355236
p.T383W,0.146935237
p.D384I,-0.332705083
p.D384P,0.283008957
p.D384Y,-0.32405346
p.S385A,0.909176698
p.S385C,0.124776123
p.S385F,-0.303354317
p.S385G,-0.580261736
p.S385H,-0.357816962
p.S385I,0.823029461
p.S385K,-0.504814638
p.S385L,-0.670281421
p.S385M,-0.302457313
p.S385N,1.303294944
p.S385P,-0.655105337
p.S385Q,-0.490505635
p.S385R,-0.962206428
p.S385T,0.561033308
p.S385V,-0.250582439
p.D386C,0.503956708
p.D386E,-1.040411635
p.D386I,0.5951335
p.D386L,0.126940858
p.D386P,0.674792863
p.D386Q,0.320235434
p.D386T,0.220292509
p.D386V,-0.48251634
p.P387A,1.658449182
p.P387D,-0.645681956
p.P387E,-0.0151119
p.P387F,-0.387834323
p.P387I,0.200703223
p.P387K,0.004832483
p.P387L,-0.153476841
p.P387M,0.138402691
p.P387Q,1.330862445
p.P387R,0.488953484
p.P387S,0.608480738
p.P387T,0.914659576
p.P387V,0.416066618
p.P387W,-2.012315074
p.E388F,0.086489254
p.E388L,0.78329371
p.E388Q,0.577369911
p.E388R,0.281474882
p.E388S,0.168595598
p.E388T,0.601454947
p.E388V,-0.038306948
p.E388W,-2.820926931
p.N389A,0.001341773
p.N389C,0.865678778
p.N389D,0.023167115
p.N389F,-0.363330143
p.N389H,0.774436739
p.N389I,0.291869075
p.N389L,0.632118151
p.N389P,-0.419947049
p.N389Q,-1.391599916
p.N389S,-0.514815953
p.N389T,0.310104208
p.N389V,0.073673074
p.N389W,-0.775312291
p.N389Y,0.538227487
p.E390A,0.013579608
p.E390G,0.300609019
p.E390K,0.500144978
p.E390L,0.055416435
p.E390M,0.064483847
p.E390T,0.830195086
p.E390V,0.383999995
p.P391C,0.508745692
p.P391G,-1.655908956
p.P391I,-0.203622485
p.P391K,0.469971616
p.P391L,0.032889719
p.P391M,0.361751407
p.P391R,0.35011715
p.P391S,-0.115868346
p.P391T,-0.21629458
p.P391V,0.086196188
p.P391W,-0.272594824
p.F392A,-1.818957004
p.F392C,0.558934494
p.F392E,0.393951738
p.F392P,0.161571704
p.F392Q,-0.143387597
p.D393A,-0.768020659
p.D393C,0.221779753
p.D393F,-1.339201584
p.D393L,-0.223262091
p.D393M,0.341195464
p.D393N,-0.704095488
p.D393R,-1.365639544
p.D393S,0.065847855
p.D393V,0.703647076
p.D393W,0.614631685
p.E394A,0.254751316
p.E394H,0.282123691
p.E394I,0.034483511
p.E394K,0.335853913
p.E394L,-1.008580788
p.E394R,-0.407211586
p.E394S,0.047414388
p.E394V,0.116512977
p.E394Y,0.252287838
p.D395A,-0.717433448
p.D395C,-1.899100763
p.D395H,0.138348262
p.D395K,-1.618473829
p.D395L,-0.794969294
p.D395M,0.43156712
p.D395N,-0.683842115
p.D395R,0.14220284
p.D395S,0.470049133
p.D395T,-0.628652171
p.D395W,-0.212124685
p.D395Y,-0.700143714
p.Q396A,0.091048159
p.Q396C,-1.530407889
p.Q396E,0.322889488
p.Q396G,0.153502403
p.Q396L,0.398139522
p.Q396M,0.165243715
p.Q396P,-2.057399054
p.Q396R,-0.182298765
p.Q396S,1.144992415
p.Q396T,0.276513718
p.Q396V,-0.133607932
p.Q396Y,-0.279833615
p.H397A,0.187996006
p.H397C,-0.023590396
p.H397D,-0.358132528
p.H397E,-0.006088938
p.H397F,-0.068849277
p.H397G,-0.055915557
p.H397K,0.096753202
p.H397L,-1.624195788
p.H397M,-0.641421842
p.H397N,-0.922672984
p.H397P,-0.006340167
p.H397V,-0.263408955
p.T398E,-0.293185814
p.T398G,-0.221984752
p.T398K,-0.915465762
p.T398L,-0.351132878
p.T398M,-0.063903365
p.T398N,0.837125234
p.T398P,-0.559794191
p.T398R,-0.114195583
p.T398S,-0.234151201
p.T398W,0.28397126
p.Q399A,-0.208998521
p.Q399E,0.27974288
p.Q399K,0.045099613
p.Q399M,0.170363214
p.Q399P,-0.106573399
p.Q399Y,0.04878519
p.I400M,0.340622325
p.I400N,-0.057046559
p.I400R,-1.538661026
p.I400W,0.154582422
p.I400Y,-1.791513596
p.T401P,0.642758317
p.T401R,0.287495981
p.K402S,-0.711641228
p.V403E,0.193065451
p.V403M,0.106510896
p.A120A,-0.669315804
p.A121A,0.252534831
p.A126A,-0.876801465
p.A192A,0.007587376
p.A309A,-0.219878742
p.A333A,-0.313464334
p.A359A,0.411578764
p.A39A,-0.357559188
p.A72A,-0.126564796
p.A79A,0.442673641
p.C211C,0.348675775
p.C218C,-0.305247052
p.C304C,-0.00240966
p.D116D,-0.363692694
p.D187D,0.411495944
p.D22D,-0.138758801
p.D24D,0.565609766
p.D310D,-0.09249704
p.D331D,-0.753690648
p.D371D,0.548703821
p.E106E,-0.820256975
p.E114E,-1.686515665
p.E18E,1.097530244
p.E242E,0.336841451
p.E284E,0.089990971
p.E307E,-0.171254339
p.E358E,-0.724607124
p.E373E,-0.494291
p.E390E,0.2566955
p.E40E,0.750959864
p.E73E,0.271046813
p.F200F,0.389314261
p.F206F,0.495486411
p.F21F,0.42116628
p.F243F,-0.574853798
p.F257F,0.995872813
p.F258F,0.573407512
p.F278F,0.368510096
p.F56F,0.600248299
p.G127G,0.142840899
p.G129G,-0.093030927
p.G143G,0.209867362
p.G156G,-0.374259029
p.G209G,0.619341537
p.G20G,0.019399361
p.G282G,-0.91986643
p.G36G,-0.371232623
p.G44G,0.00515149
p.H123H,-0.630644698
p.H141H,0.165654976
p.H196H,-0.295987767
p.H376H,0.163783309
p.H397H,-0.08065233
p.I101I,-0.057849706
p.I122I,0.185836924
p.I168I,0.268760722
p.I203I,0.270662263
p.I280I,0.383240258
p.I300I,0.390974649
p.I32I,-0.049443556
p.K13K,-0.002024546
p.K147K,-0.546779901
p.K183K,0.320863018
p.K197K,-1.038911284
p.K263K,-1.570017629
p.K269K,0.150034605
p.K322K,0.195832671
p.K327K,-0.227941275
p.K332K,-0.179780451
p.K344K,0.067886717
p.K60K,-0.069916601
p.K62K,-0.038258397
p.K6KA,-0.056073928
p.K80K,1.001306195
p.L108L,0.295587562
p.L112L,0.9137341
p.L140L,-0.553803253
p.L181L,0.263415642
p.L193L,-0.080199635
p.L194L,-0.636699862
p.L23L,0.649251513
p.L247L,-0.921640334
p.L316L,-0.020047439
p.L320L,0.249135294
p.L325L,-0.42793549
p.L345L,-0.598259053
p.L42L,0.178697183
p.L57L,0.286629937
p.L70L,0.136149332
p.N184N,-0.819402545
p.N212N,0.513176626
p.N276N,-0.056700921
p.N334N,-1.635689275
p.N340N,0.628782276
p.N372N,-0.165959986
p.N48N,-0.332303451
p.P103P,0.768042062
p.P169P,0.132695189
p.P204P,-0.154443496
p.P213P,0.495423238
p.P231P,-0.242530938
p.P244P,0.356169968
p.P246P,-0.984525733
p.P248P,-0.170008533
p.P281P,0.215160131
p.P283P,0.236315277
p.P354P,-0.458919685
p.P357P,0.411558057
p.P387P,0.189999989
p.P38P,0.398637555
p.P391P,-0.175877143
p.P89P,-0.20025427
p.P95P,-0.18852928
p.P96P,-0.139947879
p.Q171Q,-0.961679608
p.Q219Q,-0.52797652
p.Q245Q,-0.467879123
p.Q261Q,0.236580338
p.Q396Q,-0.749587063
p.Q399Q,-0.052682866
p.Q97Q,-0.639170234
p.R11R,0.147264846
p.R130R,-0.09000912
p.R142R,0.064118917
p.R14R,-0.151862905
p.R172R,-0.392628857
p.R173R,-0.243547086
p.R189R,0.717097854
p.R233R,0.366177652
p.R234R,-0.22326451
p.R308R,0.331966756
p.R378R,0.732105529
p.R47R,-0.418421805
p.R55R,0.75865836
p.R84R,0.20915637
p.S10S,-0.18058233
p.S179S,-0.833754136
p.S229S,0.037413216
p.S302S,-0.136201968
p.S338S,0.270914836
p.S355S,0.427280862
p.S360S,-0.404418633
p.S362S,-0.007449845
p.S364S,0.422948156
p.S380S,0.696407463
p.S59S,0.004044439
p.T131T,-1.015219818
p.T167T,0.471259512
p.T202T,-0.185026553
p.T26T,0.522623134
p.T319T,-0.222425767
p.T321T,0.040777678
p.T348T,0.231846115
p.T350T,-0.132393014
p.T366T,-0.250514141
p.T382T,0.499666303
p.T383T,0.31870327
p.T398T,0.108141159
p.T401T,0.266800727
p.V119V,-0.16609581
p.V133V,-0.296635094
p.V158V,-0.48478782
p.V166V,-0.976410087
p.V175V,-0.553020919
p.V191V,-0.013419288
p.V216V,0.053953621
p.V249V,0.411765085
p.V343V,0.303530732
p.V365V,-0.038226997
p.V403V,-0.139297669
p.V45V,-0.154048051
p.V9VG,0.278428431
p.Y138Y,0.132503466
p.Y155Y,0.181428581
p.Y180Y,-0.226679059
p.Y188Y,-0.038400827
p.Y225Y,-0.415354182
p.Y346Y,-0.156759081
p.Y46Y,0.25271571
p.D331X,-4.525216935
p.K330X,-4.066532222
p.N329X,-4.912891872
p.A328X,-3.493678565
p.K327X,-2.665181979
p.D326X,-4.277404452
p.L325X,-4.688843363
p.D324X,-3.11046329
p.N323X,-3.84279728
p.K322X,-5.972422329
p.T321X,-3.504847693
p.L320X,-2.233211892
p.T319X,-4.565605977
p.L318X,-4.067232722
p.V317X,-4.365500642
p.L316X,-4.148434314
p.Y315X,-5.608713063
p.E314X,-3.694559035
p.K313X,-4.690047665
p.D312X,-4.07631923
p.N311X,-4.356580008
p.D310X,-5.107871135
p.A309X,-2.937457975
p.R308X,-3.737997444
p.E307X,-3.865236347
p.I306X,-3.585420993
p.S305X,-4.969742493
p.C304X,-3.523175443
p.I303X,-4.613001339
p.S302X,-3.92302524
p.D301X,-4.700120046
p.I300X,-4.11028085
p.E299X,-2.471796889
p.Q298X,-3.488106378
p.D297X,-3.785730642
p.C296X,-3.514017623
p.L295X,-3.285081115
p.S294X,-3.2115038
p.G293X,-3.550368051
p.N292X,-4.120749874
p.E291X,-3.611527464
p.K289X,-3.505395275
p.E288X,-1.204712469
p.S287X,-4.020496343
p.T286X,-3.405267828
p.E285X,-3.9882228
p.P283X,-3.512344386
p.G282X,-3.248185273
p.P281X,-3.263874952
p.I280X,-2.791286222
p.F279X,-3.589232561
p.F278X,-4.438982543
p.T277X,-3.901274799
p.N276X,-3.11939301
p.V275X,-2.903199275
p.W274X,-3.496200968
p.F273X,-3.663061051
p.H272X,-4.975971242
p.F271X,-4.642106767
p.M270X,-4.700163846
p.K269X,-2.922574295
p.D268X,-3.252641693
p.K267X,-5.0848977
p.K266X,-2.35581704
p.L265X,-3.100873216
p.M264X,-3.034817567
p.K263X,-4.043961233
p.N262X,-4.852686879
p.Q261X,-2.723281067
p.K260X,-3.818724189
p.H259X,-4.5783404
p.F258X,-2.831124537
p.F257X,-4.151552863
p.E256X,-4.582464984
p.V255X,-4.597667833
p.K254X,-4.355190343
p.I253X,-4.090282343
p.D252X,-2.627007908
p.G251X,-2.611205791
p.C250X,-5.076988125
p.V249X,-4.588010879
p.P248X,-3.970337988
p.L247X,-3.284398065
p.P246X,-3.750152046
p.Q245X,-4.590302688
p.P244X,-4.535352948
p.F243X,-4.435271786
p.E242X,-3.99112941
p.F241X,-3.670417463
p.Y240X,-4.51580207
p.M239X,-4.626805173
p.F238X,-3.295251532
p.K237X,-2.601572082
p.D236X,-4.644635944
p.E235X,-3.322642836
p.R234X,-4.108444942
p.R233X,-3.579003261
p.T232X,-2.987582473
p.P231X,-5.204319886
p.G230X,-3.698987233
p.S229X,-4.274590467
p.N228X,-3.931586346
p.S227X,-3.706731637
p.S226X,-3.651723796
p.Y225X,-3.133271382
p.I224X,-2.55461862
p.K223X,-3.933260049
p.V222X,-3.41989189
p.K221X,-3.269919933
p.L220X,-3.310697156
p.Q219X,-4.78268487
p.C218X,-3.358835678
p.V217X,-4.275137632
p.V216X,-4.139830285
p.F215X,-2.97235193
p.Q214X,-3.133600172
p.P213X,-2.897852856
p.N212X,-4.071160465
p.C211X,-3.055600102
p.T210X,-4.288509891
p.G209X,-2.645872352
p.G208X,-4.26329235
p.S207X,-3.813212407
p.F206X,-3.908052007
p.M205X,-3.973495748
p.P204X,-1.803634506
p.I203X,-4.995878091
p.T202X,-3.339320477
p.E201X,-3.846628831
p.F200X,-3.959610198
p.M199X,-4.442717174
p.M198X,-4.236314199
p.K197X,-3.418019555
p.H196X,-3.771725096
p.F195X,-3.85943709
p.L194X,-3.142999411
p.L193X,-3.595528071
p.A192X,-3.863697964
p.V191X,-5.321988095
p.P190X,-3.758062267
p.R189X,-3.264809639
p.Y188X,-2.540449404
p.D187X,-4.013064871
p.L186X,-4.216063201
p.H185X,-3.398139617
p.N184X,-4.079487691
p.K183X,-3.696952452
p.L182X,-1.237090846
p.L181X,-4.584673589
p.Y180X,-1.786258883
p.S179X,-4.23430567
p.Y178X,-4.198680833
p.Y177X,-5.263969825
p.Y176X,-1.643532071
p.Y174X,-3.868541819
p.R173X,-4.314265947
p.R172X,-4.383214213
p.Q171X,-3.891664828
p.S170X,-3.251935379
p.P169X,-4.286692291
p.I168X,-3.879314496
p.T167X,-4.699799198
p.V166X,-4.040711875
p.G165X,-3.854471245
p.K164X,-3.60990534
p.K163X,-3.818523721
p.D162X,-3.855465219
p.R161X,-3.281461646
p.T160X,-3.739492235
p.R159X,-4.086461168
p.V158X,-3.781770671
p.E157X,-5.25279307
p.G156X,-3.373394679
p.Y155X,-3.102113016
p.F154X,-3.656907618
p.D153X,-4.553272983
p.L152X,-2.712563004
p.A151X,-3.012264644
p.E150X,-3.948560033
p.Q149X,-3.635358736
p.A148X,-3.891156252
p.K147X,-3.833388968
p.L146X,-3.349333072
p.F145X,-4.093499351
p.K144X,-5.685119231
p.G143X,-4.749297588
p.R142X,-4.193695397
p.H141X,-3.756162815
p.L140X,-5.330127539
p.L139X,-3.946673831
p.Y138X,-5.710866226
p.A137X,-4.006615771
p.C136X,-4.276647223
p.I135X,-4.499253545
p.M134X,-4.061628566
p.V133X,-3.640721301
p.G132X,-4.46876257
p.T131X,-2.774310342
p.R130X,-3.488113982
p.G129X,-3.482743
p.K128X,-3.81258498
p.G127X,-2.127492601
p.A126X,-2.671332334
p.K125X,-2.277248064
p.C124X,-5.100592985
p.H123X,-3.674455368
p.I122X,-4.001754022
p.A121X,-3.809004999
p.A120X,-4.252204598
p.V119X,-4.020546473
p.H118X,-3.846862893
p.N117X,-3.714421665
p.D116X,-3.90727677
p.D115X,-3.918348882
p.E114X,-4.21779194
p.S113X,-3.721669669
p.L112X,-3.995060628
p.W111X,-4.544683167
p.Q110X,-2.37122952
p.D109X,-3.906988348
p.L108X,-4.258049901
p.D107X,-3.71404464
p.E106X,-4.976926581
p.C105X,-3.638292133
p.F104X,-3.859007043
p.P103X,-3.104316641
p.K102X,-2.687842466
p.I101X,-3.954991268
p.L100X,-4.079501011
p.E99X,-4.706524773
p.L98X,-3.471104084
p.Q97X,-3.72090477
p.P96X,-4.60401551
p.P95X,-3.9833937
p.N94X,-4.026373284
p.H93X,-4.738253332
p.D92X,-5.427010671
p.E91X,-2.990131801
p.F90X,-4.76046964
p.P89X,-4.271153737
p.Y88X,-2.321056743
p.Q87X,-2.302556189
p.A86X,-3.415970222
p.V85X,-4.324555673
p.R84X,-2.988951353
p.C83X,-3.24038249
p.N82X,-3.875220302
p.F81X,-4.597091589
p.K80X,-2.134428504
p.A79X,-3.225397244
p.T78X,-4.119857078
p.D77X,-3.538260053
p.Y76X,-3.081364016
p.H75X,-4.198489265
p.R74X,-4.718443433
p.E73X,-4.043420415
p.A72X,-4.459781519
p.C71X,-3.828440877
p.L70X,-4.393520981
p.N69X,-4.644167876
p.Y68X,-3.379984506
p.I67X,-3.705868889
p.K66X,-3.835225266
p.Y65X,-4.396533726
p.H64X,-4.039918016
p.N63X,-3.668328499
p.K62X,-3.79147213
p.H61X,-4.195921481
p.K60X,-4.838759893
p.S59X,-5.345851455
p.D58X,-3.094312791
p.L57X,-4.246754923
p.F56X,-3.896831298
p.R55X,-3.789593644
p.V54X,-4.252689663
p.V53X,-4.237569148
p.D52X,-4.312871793
p.D51X,-3.590299862
p.I50X,-4.570524233
p.N49X,-4.438009211
p.N48X,-4.430621274
p.R47X,-3.587236134
p.Y46X,-2.27813251
p.V45X,-4.205796538
p.E43X,-3.572859455
p.L42X,-3.682169433
p.R41X,-3.592363339
p.E40X,-2.626913901
p.A39X,-3.332972121
p.F37X,-4.106128491
p.G36X,-3.501499397
p.M35X,-4.28800136
p.A34X,-2.9685272
p.I33X,-4.195029625
p.I32X,-3.639218026
p.N31X,-3.448931444
p.P30X,-2.913928762
p.Y29X,-3.634554555
p.I28X,-3.816443646
p.Y27X,-1.368206123
p.T26X,-3.697664136
p.D24X,-4.081516555
p.L23X,-4.589874569
p.D22X,-2.110989643
p.F21X,-3.957478474
p.G20X,-3.169629014
p.E18X,-3.703129507
p.Q17X,-1.239433486
p.R15X,-2.757604749
p.R14X,-3.341239777
p.K13X,-3.991221002
p.N12X,-3.681126326
p.R11X,-4.399338853
p.S10X,-3.850295675
p.V9X,-4.34461407
p.I8X,-1.788590241
p.E7X,-4.077295184
p.K6X,-2.53738661
p.A3X,-2.61711714