hgvs_pro,PTEN_abundance
p.T2A,0.775537798
p.T2K,0.947609505
p.T2P,0.843309895
p.T2R,0.87282976
p.T2S,0.824358715
p.A3V,1.080705804
p.I5L,1.12736553
p.I5V,0.937216797
p.K6A,1.224574614
p.K6D,1.062534417
p.K6E,1.263798698
p.K6I,0.400210846
p.K6T,0.751407783
p.K6W,0.781970263
p.E7A,0.365389901
p.E7C,0.588206538
p.E7D,1.221351148
p.E7F,0.573436771
p.E7G,0.871459017
p.E7H,0.682055622
p.E7L,0.603116683
p.E7M,0.571651263
p.E7P,0.877318712
p.E7T,1.12981336
p.E7V,0.567176989
p.E7Y,0.40557789
p.V9C,1.220882266
p.V9D,1.146058752
p.V9E,1.2531757
p.V9F,1.009434014
p.V9H,1.045344141
p.V9I,0.934739581
p.V9K,1.239482769
p.V9L,0.913446799
p.V9M,0.873570746
p.V9N,1.270064051
p.V9P,1.291806312
p.V9Q,0.958464574
p.V9R,1.053442875
p.V9S,1.170742028
p.V9T,1.14678909
p.S10A,0.885401412
p.S10C,1.304726671
p.S10F,0.936727517
p.S10G,1.039223115
p.S10H,1.173487719
p.S10R,0.886130543
p.S10T,1.178477393
p.R11A,1.081062327
p.R11C,0.958773325
p.R11F,0.979032042
p.R11G,1.113063633
p.R11H,1.222648943
p.R11I,1.041635398
p.R11K,1.012070323
p.R11L,1.108641396
p.R11M,0.936241168
p.R11N,0.755225759
p.R11P,1.14227568
p.R11Q,1.099690755
p.R11S,0.820208522
p.R11T,1.29395467
p.R11V,1.133998606
p.R11W,1.086426541
p.R11Y,0.993678518
p.N12A,0.858563545
p.N12C,0.871485427
p.N12D,0.996460642
p.N12E,0.779020588
p.N12F,0.369353294
p.N12G,1.12483478
p.N12L,0.3036892
p.N12M,0.441627365
p.N12P,1.175000593
p.N12Q,0.94381452
p.N12R,0.933267427
p.N12S,1.077192845
p.N12T,1.027729012
p.N12V,0.520032605
p.N12W,0.435518563
p.K13A,0.846432149
p.K13G,1.097585823
p.K13H,1.099706257
p.K13I,1.08750792
p.K13L,0.926085234
p.K13M,0.694647933
p.K13P,1.184085918
p.K13Q,1.000364938
p.K13R,0.678324205
p.K13S,1.04643691
p.K13W,0.560495093
p.R14A,1.087551531
p.R14D,1.142872926
p.R14E,0.99890964
p.R14G,1.04631547
p.R14I,0.664439692
p.R14K,0.609680598
p.R14M,1.1524933
p.R14N,1.09555841
p.R14P,0.792625608
p.R14Q,1.247207079
p.R14S,0.58294819
p.R14T,0.962285443
p.R14V,0.867650334
p.R14Y,1.107372256
p.R15A,0.946110632
p.R15C,0.955462373
p.R15G,1.012123322
p.R15H,1.225103458
p.R15I,1.098736418
p.R15K,1.205180091
p.R15M,1.086974037
p.R15N,0.824218696
p.R15P,0.995975626
p.R15S,1.025131515
p.R15T,0.966155196
p.R15W,1.043246985
p.Y16A,0.950068707
p.Y16C,0.819492613
p.Y16D,1.166912126
p.Y16E,1.014356171
p.Y16L,0.822226003
p.Y16M,1.028018165
p.Y16Q,1.005679822
p.Y16S,0.907888425
p.Y16T,0.878622336
p.Y16V,0.862272885
p.Y16W,0.968849003
p.Q17A,0.921945609
p.Q17C,1.01074486
p.Q17D,0.697096605
p.Q17E,0.817698897
p.Q17F,0.985872299
p.Q17G,0.869936717
p.Q17H,1.092322191
p.Q17I,0.912854049
p.Q17K,0.804621492
p.Q17L,0.991152929
p.Q17M,0.899365996
p.Q17N,1.135409255
p.Q17P,0.954703702
p.Q17S,0.88337613
p.Q17T,0.883574749
p.Q17V,1.020673212
p.Q17W,0.764850326
p.Q17Y,0.648980428
p.E18A,0.941364715
p.E18C,0.917617291
p.E18D,0.909297835
p.E18G,0.964933681
p.E18H,0.895706457
p.E18I,0.751076338
p.E18K,0.692516625
p.E18L,0.910302036
p.E18N,0.887556552
p.E18P,0.87152608
p.E18Q,1.085526278
p.E18R,0.877041461
p.E18S,0.895649293
p.E18T,0.870014267
p.E18V,0.991835458
p.E18W,0.954504335
p.D19A,0.875620981
p.D19C,0.619867874
p.D19F,0.513433506
p.D19G,0.842904988
p.D19H,0.538782382
p.D19K,0.633710634
p.D19L,0.809827098
p.D19M,0.761943499
p.D19N,1.145091886
p.D19P,0.970758734
p.D19Q,0.665651409
p.D19R,0.903656014
p.D19S,0.982043627
p.D19V,0.820660514
p.D19W,0.735226506
p.D19Y,1.012392777
p.G20A,0.853179557
p.G20C,0.818745761
p.G20E,0.96384932
p.G20F,0.871718419
p.G20H,0.913933659
p.G20I,0.967527528
p.G20L,0.840083498
p.G20M,0.844036338
p.G20N,0.99359615
p.G20P,0.848242768
p.G20Q,0.920611157
p.G20R,0.806281328
p.G20S,0.867774855
p.G20T,0.982200108
p.G20V,0.708920914
p.G20W,0.780817193
p.F21A,0.928378885
p.F21C,0.910502801
p.F21D,0.924269188
p.F21E,0.808542418
p.F21G,0.909542784
p.F21H,1.017929285
p.F21I,0.945651606
p.F21L,0.850183359
p.F21M,0.7324933
p.F21N,0.817236934
p.F21Q,0.892204322
p.F21R,0.847405374
p.F21S,0.869351585
p.F21V,0.891427733
p.F21W,0.95427246
p.D22C,0.802920606
p.D22F,0.64976441
p.D22G,0.920560858
p.D22H,0.837734618
p.D22K,0.866245237
p.D22L,0.448036271
p.D22N,1.360502912
p.D22Q,0.8204625
p.D22R,0.765887483
p.D22S,0.94240627
p.D22T,0.712548273
p.D22V,0.67453621
p.D22W,0.839372799
p.L23A,0.544636141
p.L23G,0.671958383
p.L23I,1.312623796
p.L23M,0.860849977
p.L23V,0.693521502
p.L23Y,0.709838041
p.D24E,0.827401144
p.D24M,0.429436417
p.D24N,0.849291646
p.D24V,0.371202093
p.D24Y,0.64710729
p.L25C,0.599196176
p.L25D,0.345579706
p.L25G,0.358222304
p.L25H,0.7468384
p.L25I,0.700371691
p.L25M,1.005651172
p.L25V,0.878853966
p.T26A,0.7796713
p.T26C,0.963216718
p.T26D,0.670144177
p.T26E,0.535817658
p.T26G,0.42667319
p.T26L,0.486823664
p.T26M,0.706704568
p.T26N,0.421617337
p.T26Q,0.926178919
p.T26R,0.604193828
p.T26S,1.003029218
p.T26V,0.691653112
p.Y27C,0.349459352
p.Y27E,0.684512818
p.Y27G,0.274944311
p.Y27K,0.552845894
p.Y27L,0.375397363
p.Y27Q,0.314522373
p.Y27S,0.508828959
p.Y27V,0.400731692
p.I28D,0.195986826
p.I28E,0.201342302
p.I28F,0.36548446
p.I28H,0.240580916
p.I28L,0.812173676
p.I28M,0.506604224
p.I28P,0.132481857
p.I28S,0.234566174
p.I28V,1.014293415
p.Y29A,0.78797928
p.Y29C,0.728721665
p.Y29D,0.024210879
p.Y29F,0.881937409
p.Y29G,0.850366528
p.Y29I,0.490620609
p.Y29K,0.825138612
p.Y29L,0.980044343
p.Y29M,0.975035468
p.Y29N,0.741046295
p.Y29R,0.841368879
p.Y29S,0.861129728
p.Y29T,0.390558613
p.Y29V,0.840394644
p.P30A,0.695151471
p.P30C,0.529425827
p.P30D,0.792721284
p.P30E,0.866357065
p.P30G,0.814705086
p.P30H,1.041704232
p.P30I,0.205142806
p.P30K,0.911266877
p.P30L,0.315947695
p.P30M,0.436400007
p.P30N,0.854718753
p.P30Q,0.81143391
p.P30R,0.51569337
p.P30S,0.515799844
p.P30T,0.715153964
p.P30V,0.306205999
p.P30W,0.482717435
p.P30Y,0.545779531
p.N31A,0.31202405
p.N31C,0.621920701
p.N31D,0.262646186
p.N31F,0.326835414
p.N31G,0.588536316
p.N31H,0.694288685
p.N31K,0.724761786
p.N31L,0.312116314
p.N31P,0.250658191
p.N31Q,0.831986849
p.N31R,0.914867641
p.N31S,0.684722077
p.N31T,0.638599461
p.N31V,0.2007281
p.N31W,0.281181175
p.N31Y,0.438913941
p.M35A,0.522027198
p.M35D,0.421976037
p.M35H,0.533922595
p.M35I,0.994501106
p.M35L,0.884312033
p.M35P,0.372339117
p.M35R,0.343871147
p.M35S,0.610035334
p.G36A,0.744990796
p.G36C,0.815074954
p.G36K,0.678154511
p.G36P,0.675281332
p.G36R,0.670366064
p.G36S,0.871828666
p.G36T,0.974569466
p.G36V,0.56091799
p.G36W,0.756337237
p.F37A,0.999407466
p.F37C,1.080664979
p.F37D,0.914538217
p.F37E,0.777472948
p.F37G,0.853570801
p.F37H,0.877439622
p.F37L,0.5756246
p.F37M,1.195130336
p.F37N,0.980364143
p.F37P,1.163054284
p.F37Q,0.763770341
p.F37R,0.786766862
p.F37S,0.841096375
p.F37V,0.581470558
p.F37Y,0.751255199
p.P38A,0.871090203
p.P38C,0.832771499
p.P38E,0.690723237
p.P38F,0.779743402
p.P38G,0.780294346
p.P38I,0.68473267
p.P38K,0.96271312
p.P38M,0.713344067
p.P38S,1.136119521
p.P38V,0.7961804
p.P38Y,0.912021543
p.A39C,1.076661879
p.A39D,0.896241893
p.A39F,1.015732995
p.A39L,0.522748271
p.A39M,0.818996305
p.A39S,0.702506986
p.A39V,0.973750032
p.A39W,0.719033178
p.E40A,1.285087848
p.E40C,0.75600592
p.E40G,0.806258657
p.E40H,1.012173334
p.E40L,0.745650613
p.E40P,0.957156332
p.E40R,0.564691373
p.E40S,0.551722195
p.E40T,1.158745105
p.E40W,0.484261045
p.E40Y,0.887517226
p.E43D,1.02127546
p.E43F,0.844953004
p.E43G,1.026143806
p.E43H,1.002790812
p.E43I,0.833315064
p.E43L,0.683483374
p.E43N,0.719964318
p.E43P,0.808752324
p.E43R,1.08331452
p.E43T,0.802860687
p.E43V,0.923544946
p.E43W,0.532250079
p.E43Y,1.013405821
p.G44A,0.673005257
p.G44E,0.849418533
p.G44H,1.093231893
p.G44K,0.85778439
p.G44L,0.762190555
p.G44M,0.644246314
p.G44R,0.929917709
p.G44S,0.788325554
p.G44T,0.792800531
p.G44V,0.65840081
p.G44Y,0.862501611
p.V45A,0.967862144
p.V45C,1.020916332
p.V45F,0.846504054
p.V45G,1.009235666
p.V45I,0.679121719
p.V45L,0.726906088
p.V45M,0.947967785
p.V45N,1.080699878
p.V45P,1.090238939
p.V45R,1.025254756
p.V45S,1.091263575
p.V45T,0.942123439
p.V45W,0.684323718
p.V45Y,1.084402574
p.Y46A,0.89101812
p.Y46C,0.747525181
p.Y46F,0.869878548
p.Y46G,1.116540166
p.Y46H,1.100312154
p.Y46I,1.032536224
p.Y46K,0.706602735
p.Y46L,0.861421348
p.Y46S,0.971403925
p.Y46T,1.06099766
p.Y46V,0.932644242
p.Y46W,0.448620007
p.R47A,1.051745266
p.R47C,1.014866908
p.R47F,0.999792998
p.R47G,1.0256897
p.R47L,0.943560969
p.R47P,0.765464267
p.R47S,1.148534508
p.R47T,1.087624362
p.N48D,0.832635458
p.N48H,1.152066901
p.N48L,0.533961126
p.N48M,0.87294392
p.N48P,0.829649605
p.N49A,1.090175895
p.N49D,1.07712535
p.N49E,0.845769192
p.N49F,0.901826932
p.N49G,0.89679717
p.N49I,0.735215973
p.N49K,0.975554821
p.N49L,0.894637071
p.N49M,0.939553957
p.N49P,0.709725448
p.N49Q,0.977201551
p.N49R,1.106419331
p.N49S,0.953106835
p.N49V,0.745137156
p.N49W,0.922943826
p.I50A,0.817404964
p.I50E,0.762874308
p.I50F,1.005010092
p.I50G,0.523674601
p.I50H,0.466882148
p.I50L,0.998626171
p.I50M,0.70944693
p.I50N,0.47179372
p.I50P,0.735185923
p.I50Q,0.799574346
p.I50R,0.560091634
p.I50S,0.638956305
p.I50T,0.799283874
p.I50V,0.904571249
p.D51A,0.729957391
p.D51E,0.855882295
p.D51G,0.738742707
p.D51L,0.799541687
p.D51M,0.749486885
p.D51P,0.373124975
p.D51Q,0.514955697
p.D51R,0.542015793
p.D51S,0.769821757
p.D51T,0.680115796
p.D51V,0.627300964
p.D51W,0.660286718
p.D52A,0.742081471
p.D52E,1.094814613
p.D52F,0.614096219
p.D52G,0.625711086
p.D52H,0.880945119
p.D52I,0.583960322
p.D52K,0.75043148
p.D52L,0.688676767
p.D52N,0.8405801
p.D52Q,1.036944245
p.D52R,0.902392601
p.D52S,0.887855914
p.D52V,0.701199058
p.V53A,0.951014389
p.V53C,0.502647664
p.V53F,0.754008484
p.V53L,0.992073586
p.V53M,1.055244469
p.V53P,0.231920988
p.V53Q,0.568662681
p.V53T,0.688259555
p.V54A,0.837466981
p.V54C,0.984987928
p.V54D,0.353537416
p.V54E,0.671567793
p.V54G,0.633971857
p.V54H,0.812566771
p.V54I,0.983312426
p.V54K,1.002885528
p.V54L,0.940065117
p.V54M,0.767207781
p.V54N,0.567484472
p.V54P,0.533033887
p.V54Q,0.840913177
p.V54R,0.643037565
p.V54S,0.81181792
p.V54T,0.499175384
p.V54W,0.556196646
p.V54Y,0.633767507
p.R55A,0.93259812
p.R55E,0.923699216
p.R55F,0.175198515
p.R55G,0.77923924
p.R55H,0.896960662
p.R55I,0.269514288
p.R55K,0.863712811
p.R55L,0.568262237
p.R55M,0.660005491
p.R55P,0.386964644
p.R55Q,0.790774638
p.R55S,0.871990701
p.R55T,0.856625747
p.R55V,0.378581899
p.R55W,0.261286021
p.R55Y,0.486127254
p.F56C,0.532925128
p.F56D,0.255722154
p.F56E,1.00318889
p.F56I,0.550791887
p.F56L,0.814433488
p.F56M,0.666811235
p.F56Q,0.24297129
p.F56R,0.388319361
p.F56S,0.338433546
p.F56W,0.604322167
p.F56Y,0.992851269
p.L57A,0.190783106
p.L57C,0.368016297
p.L57E,0.195574612
p.L57I,0.328029718
p.L57K,0.178881769
p.L57M,0.818117426
p.L57N,0.19554975
p.L57Q,0.371169418
p.L57R,0.21379744
p.L57V,0.310628147
p.D58A,0.57865198
p.D58C,0.482495866
p.D58G,0.575717098
p.D58H,0.734919921
p.D58I,0.230266
p.D58K,0.517332182
p.D58P,0.459695188
p.D58R,0.449460436
p.D58S,0.852985111
p.D58T,0.554198667
p.D58V,0.328064105
p.D58W,0.307019034
p.D58Y,0.537344269
p.S59A,0.71647095
p.S59C,0.539855935
p.S59D,0.96348655
p.S59E,0.997730393
p.S59G,0.915779906
p.S59H,0.749068241
p.S59I,0.825940103
p.S59L,0.828132866
p.S59M,0.966395553
p.S59N,1.020028767
p.S59P,0.216865878
p.S59Q,0.995498577
p.S59R,0.902802047
p.S59V,1.012803614
p.S59W,0.750296934
p.S59Y,1.047980952
p.K60A,0.659104271
p.K60C,0.585319806
p.K60E,0.717377301
p.K60G,0.368094869
p.K60I,0.594237438
p.K60L,0.49474142
p.K60M,0.657090771
p.K60R,1.067651873
p.K60S,0.704105723
p.K60T,0.684313945
p.K60V,0.592860603
p.K60Y,1.214283721
p.H61A,0.379572089
p.H61C,0.534034383
p.H61D,0.234913539
p.H61E,0.361335148
p.H61F,0.934803029
p.H61G,0.350122144
p.H61K,0.135623262
p.H61P,0.424473844
p.H61R,0.191643755
p.H61S,0.33102238
p.H61T,0.346843272
p.H61V,0.415337282
p.H61W,0.533423408
p.H61Y,0.799641188
p.K62A,0.824727458
p.K62C,0.686202104
p.K62D,0.726772921
p.K62E,1.016187816
p.K62F,1.068242769
p.K62G,0.967625416
p.K62I,0.792470079
p.K62L,0.896636059
p.K62M,0.873314916
p.K62Q,0.871628717
p.K62R,0.891744352
p.K62S,0.909640873
p.K62T,0.717651839
p.K62V,0.664143043
p.K62W,0.626122218
p.K62Y,0.977297179
p.N63A,0.885368443
p.N63E,0.886640771
p.N63G,0.858151417
p.N63K,0.682068801
p.N63L,0.596241999
p.N63M,0.740937081
p.N63P,0.507785135
p.N63Q,0.750075744
p.N63R,0.619065623
p.N63S,1.322627965
p.N63T,0.634364791
p.N63V,0.388670826
p.N63W,0.539060221
p.H64A,0.899518225
p.H64C,0.78093862
p.H64D,0.898870832
p.H64E,0.855557198
p.H64F,0.690330769
p.H64G,0.796733038
p.H64I,0.447963789
p.H64L,0.796112598
p.H64P,0.23277006
p.H64Q,0.800624359
p.H64R,0.930133752
p.H64S,0.906263582
p.H64T,0.891909985
p.H64V,0.818851432
p.H64W,0.625093329
p.Y65A,0.543789291
p.Y65C,0.818920664
p.Y65E,0.248395237
p.Y65F,0.648680753
p.Y65G,0.221039235
p.Y65H,0.565778115
p.Y65I,0.724610627
p.Y65K,0.075201953
p.Y65L,0.610399593
p.Y65M,0.624354778
p.Y65P,0.221041734
p.Y65R,0.175113017
p.Y65S,0.262513795
p.Y65T,0.564533408
p.Y65V,0.723245065
p.Y65W,1.02931237
p.K66A,0.705488596
p.K66E,0.254668712
p.K66F,0.343456014
p.K66G,0.229684218
p.K66H,0.274816899
p.K66I,0.497843306
p.K66L,0.303477118
p.K66M,0.717401234
p.K66N,0.127679333
p.K66Q,0.58849943
p.K66R,0.755625806
p.K66S,0.439983257
p.K66T,0.611761991
p.K66V,0.598638584
p.K66W,0.475203733
p.I67A,0.20583239
p.I67C,0.506289421
p.I67D,0.21232936
p.I67E,0.311001951
p.I67H,0.296679036
p.I67L,0.751155881
p.I67M,0.505695192
p.I67N,0.117791045
p.I67P,0.382789361
p.I67Q,0.079492202
p.I67S,0.298870931
p.I67T,0.228353849
p.I67V,0.781417897
p.I67W,0.384040043
p.I67Y,0.326527084
p.Y68C,0.069515623
p.Y68G,0.218393738
p.Y68I,0.360719382
p.Y68K,0.207062978
p.Y68L,0.178098497
p.Y68M,0.230106952
p.Y68N,0.107193178
p.Y68P,0.102007729
p.Y68Q,0.245018416
p.Y68R,0.200530884
p.Y68S,0.219539582
p.Y68T,0.159831918
p.Y68V,0.251945618
p.Y68W,0.714731057
p.N69A,0.731309977
p.N69D,1.030774096
p.N69E,0.862932239
p.N69G,0.408556086
p.N69H,0.2781018
p.N69L,0.871169807
p.N69M,0.943194103
p.N69P,0.151820172
p.N69R,0.290662479
p.N69S,0.952882456
p.N69T,0.794461916
p.N69V,0.85762324
p.N69W,0.840788824
p.N69Y,0.510685867
p.C71G,0.925646246
p.C71I,0.279917667
p.C71T,0.562915589
p.A72C,0.662899441
p.A72D,0.767448347
p.A72E,0.653062602
p.A72F,0.932228108
p.A72G,0.905205042
p.A72H,0.823002002
p.A72I,0.8510824
p.A72K,0.772515174
p.A72L,0.627053435
p.A72M,0.837797569
p.A72N,0.876647644
p.A72P,0.774668648
p.A72Q,0.659624714
p.A72R,0.854164381
p.A72S,0.774470265
p.A72T,1.036490888
p.A72V,0.795865362
p.A72W,0.507776928
p.A72Y,0.271274482
p.E73A,0.627287814
p.E73C,0.618315687
p.E73D,0.956420692
p.E73F,0.603373524
p.E73G,0.827452575
p.E73H,0.641547224
p.E73I,0.70417296
p.E73K,0.770420176
p.E73L,0.462357321
p.E73M,0.723695952
p.E73P,0.495279588
p.E73Q,0.679381029
p.E73R,0.573977479
p.E73S,0.5149159
p.E73T,0.696357739
p.E73V,0.655124737
p.E73Y,0.584041803
p.R74A,0.886305799
p.R74D,0.889008687
p.R74G,1.051682669
p.R74H,1.250137088
p.R74L,0.657144776
p.R74N,1.158126923
p.R74P,1.059394781
p.R74S,0.868741485
p.R74T,1.036819049
p.R74V,0.855027326
p.H75A,0.863775577
p.H75D,1.045654843
p.H75E,1.101650201
p.H75F,0.963100917
p.H75G,1.066258356
p.H75I,0.901571661
p.H75L,0.940508681
p.H75M,1.100836096
p.H75R,0.986600213
p.H75S,1.002306855
p.H75T,1.029886225
p.H75V,1.084218946
p.H75Y,0.752984181
p.Y76A,0.799679924
p.Y76C,0.938350222
p.Y76D,0.848791723
p.Y76E,0.606937994
p.Y76F,0.892660403
p.Y76G,0.679611701
p.Y76H,0.929350288
p.Y76K,0.832973393
p.Y76L,0.957226814
p.Y76M,0.769214933
p.Y76P,0.665003942
p.Y76Q,0.626291307
p.Y76R,0.561350014
p.Y76S,0.611827178
p.Y76T,0.825326416
p.Y76V,0.938460684
p.Y76W,0.920898505
p.D77A,0.744645414
p.D77C,0.65938797
p.D77E,0.796086117
p.D77F,0.61160699
p.D77G,0.634027256
p.D77I,0.720191915
p.D77K,0.688589022
p.D77L,0.672073167
p.D77M,0.761938899
p.D77P,0.858894143
p.D77Q,0.622646322
p.D77R,0.540056668
p.D77S,0.691568528
p.D77T,0.772188583
p.D77V,0.650028648
p.D77W,0.626643861
p.D77Y,0.154944974
p.T78A,0.953261033
p.T78C,1.220937076
p.T78G,0.791182885
p.T78L,1.0337943
p.T78M,1.216937703
p.T78Q,0.976579829
p.A79C,0.784347318
p.A79D,1.004989695
p.A79E,0.951333114
p.A79F,0.71581094
p.A79G,1.035878902
p.A79H,1.153368382
p.A79K,0.696774457
p.A79L,0.892100913
p.A79M,0.866125582
p.A79N,1.107219153
p.A79P,0.826713265
p.A79Q,0.93635702
p.A79R,0.836837997
p.A79S,1.000438315
p.A79T,0.998153851
p.A79V,0.746259247
p.A79W,0.923480554
p.A79Y,0.800211664
p.K80A,0.889802379
p.K80C,0.785035938
p.K80D,0.790032998
p.K80E,0.909578979
p.K80F,0.867072013
p.K80G,0.718178918
p.K80I,0.530732548
p.K80L,0.951518675
p.K80M,0.687158515
p.K80N,0.962781313
p.K80P,0.738863342
p.K80Q,0.832181668
p.K80R,0.966141153
p.K80S,0.89583044
p.K80T,0.791106854
p.K80V,1.007722673
p.K80W,0.775723865
p.K80Y,0.939593776
p.F81A,0.725393649
p.F81E,0.412882015
p.F81G,0.689136315
p.F81H,0.717751975
p.F81I,0.671659067
p.F81K,0.435804796
p.F81L,0.960967093
p.F81M,0.975412478
p.F81N,0.554352832
p.F81P,0.751828481
p.F81R,0.401460918
p.F81T,0.601443457
p.F81V,0.808960392
p.F81Y,0.705558745
p.N82D,1.232725254
p.N82G,1.218232318
p.N82P,0.983843808
p.C83G,0.58041604
p.C83L,0.664582289
p.R84C,1.190715181
p.R84F,0.844060186
p.R84I,1.124831774
p.R84M,0.033764303
p.R84P,1.213756481
p.R84V,0.829098129
p.V85A,0.548038334
p.V85C,0.92765914
p.V85D,0.28185909
p.V85E,0.452343842
p.V85G,0.374349883
p.V85I,1.102202019
p.V85K,0.385988153
p.V85L,0.648471091
p.V85M,0.70034992
p.V85N,0.572277521
p.V85P,0.579070469
p.V85R,0.23640132
p.V85S,0.827288728
p.A86C,0.938400963
p.A86G,0.949808405
p.A86L,0.451090775
p.A86M,0.863931792
p.A86N,0.627234627
p.A86R,0.805554534
p.Q87A,0.77100728
p.Q87C,0.778994296
p.Q87E,0.904256868
p.Q87F,1.034042082
p.Q87G,0.76004344
p.Q87H,1.184980743
p.Q87L,1.101658513
p.Q87M,1.210994925
p.Q87P,0.698683983
p.Q87R,0.900378718
p.Q87S,0.88743691
p.Q87T,1.008801323
p.Q87V,0.912618932
p.Y88A,0.280500703
p.Y88F,0.977982431
p.Y88G,0.211957547
p.Y88I,0.45561018
p.Y88R,0.294437161
p.Y88S,0.194245333
p.Y88T,0.121107929
p.Y88V,0.36311186
p.P89A,0.906732714
p.P89C,0.920290544
p.P89D,0.778194123
p.P89E,0.733078903
p.P89G,0.889200026
p.P89H,1.041810898
p.P89I,0.51272782
p.P89K,0.891198159
p.P89L,0.816759866
p.P89Q,0.859870045
p.P89R,0.803431425
p.P89S,0.835815422
p.P89T,0.868036497
p.P89V,0.767543361
p.P89W,0.455914834
p.F90A,0.811603976
p.F90C,1.085304311
p.F90E,0.594301155
p.F90G,0.904465011
p.F90H,0.651007207
p.F90I,1.053977781
p.F90L,1.051014447
p.F90M,0.907202091
p.F90Q,0.832041787
p.F90R,0.268502783
p.F90S,1.006978779
p.F90V,0.966383998
p.F90W,0.675532637
p.F90Y,0.569442072
p.E91A,0.926546533
p.E91D,0.340525532
p.E91F,0.816755313
p.E91G,0.844324387
p.E91H,1.117444395
p.E91K,0.998900889
p.E91L,0.729429871
p.E91M,0.975281522
p.E91N,0.86233412
p.E91P,0.709270284
p.E91Q,1.112120706
p.E91R,0.803317311
p.E91S,0.697597772
p.E91T,1.042975172
p.E91V,0.682882558
p.E91W,0.768663158
p.E91Y,0.980845301
p.D92A,1.044526819
p.D92G,0.640134051
p.D92H,0.999658654
p.D92K,0.470509928
p.D92P,1.053068793
p.D92Q,1.052527829
p.D92T,0.896673233
p.D92V,0.751959353
p.D92W,0.640902005
p.H93A,0.871823997
p.H93C,0.955873894
p.H93D,0.83842884
p.H93E,1.218460978
p.H93F,1.042127517
p.H93G,1.058272579
p.H93M,0.828970169
p.H93R,0.816582533
p.H93T,0.908694282
p.H93W,0.7845306
p.N94A,1.083290199
p.N94C,0.84043611
p.N94E,0.698870063
p.N94F,0.687664567
p.N94G,0.921231678
p.N94L,0.870035309
p.N94M,1.048105649
p.N94P,0.30974666
p.N94Q,0.906444868
p.N94R,0.87396852
p.N94S,0.999681888
p.N94T,0.913412244
p.N94V,1.015984327
p.N94Y,0.906774186
p.P95A,0.618920578
p.P95C,0.635511408
p.P95D,0.2923782
p.P95E,0.37128369
p.P95F,0.422166653
p.P95G,0.507344954
p.P95H,0.310153165
p.P95I,0.514898171
p.P95N,0.420446065
p.P95S,0.534020952
p.P95T,0.2279755
p.P95V,0.68303237
p.P95Y,0.405463632
p.P96G,0.613180722
p.P96L,0.481639794
p.Q97E,0.916123171
p.Q97V,0.761529621
p.L98A,0.175951773
p.L98E,0.166482549
p.L98G,0.138374054
p.L98H,0.653365064
p.L98K,0.016324984
p.L98P,0.508049774
p.L98V,0.684467496
p.L98Y,0.369783825
p.L100P,0.100788345
p.K102E,0.889900833
p.P103A,0.731209902
p.P103R,0.638751663
p.P103T,0.847424421
p.P103V,0.683752901
p.F104A,0.377502547
p.F104D,0.184034914
p.F104E,0.182214571
p.F104G,0.18275129
p.F104L,0.386062347
p.F104N,0.045838719
p.F104P,0.262087372
p.F104Q,0.101541952
p.F104S,0.301058021
p.F104T,0.239540411
p.F104Y,0.8737827
p.C105D,0.190625319
p.C105G,0.246432437
p.C105L,0.297951167
p.C105N,0.159924237
p.C105Q,0.106934838
p.C105R,0.102351192
p.C105S,0.279739062
p.C105W,0.146715647
p.E106A,0.576071226
p.E106F,0.60099457
p.E106G,0.41466294
p.E106I,0.781612065
p.E106L,0.979526149
p.E106N,1.009741227
p.E106P,0.201463077
p.E106Q,1.028583964
p.E106T,0.710123026
p.E106V,0.859760423
p.E106Y,0.452286339
p.D107A,0.266977276
p.D107C,0.159687734
p.D107E,0.403311094
p.D107G,0.382168133
p.D107K,0.095419479
p.D107M,0.185168842
p.D107N,0.544114522
p.D107P,0.196410166
p.D107S,0.563997269
p.D107T,0.447517877
p.D107V,0.172984055
p.D107W,0.269467451
p.L108A,0.26612426
p.L108C,0.697249753
p.L108E,0.269458987
p.L108G,0.19656084
p.L108H,0.40452699
p.L108M,0.795890688
p.L108P,0.128543874
p.L108Q,0.1768946
p.L108R,0.13178599
p.L108V,1.050744091
p.L108W,0.188370114
p.D109A,0.870045123
p.D109C,0.683809019
p.D109G,0.72027554
p.D109K,0.842197062
p.D109L,0.458467563
p.D109M,0.652538418
p.D109S,0.804125994
p.D109T,0.809855646
p.D109V,0.654590236
p.Q110C,0.826964609
p.Q110D,1.002503953
p.Q110E,1.101814192
p.Q110G,0.850675935
p.Q110L,1.063705276
p.Q110P,0.259256281
p.Q110R,0.695880884
p.Q110T,0.975204923
p.W111M,0.399702653
p.W111N,0.247819818
p.W111P,0.131891328
p.W111R,0.09022859
p.W111T,0.114573697
p.L112A,0.281597278
p.L112D,0.083800368
p.L112E,0.174508428
p.L112F,0.578112278
p.L112G,0.189807952
p.L112H,0.196853073
p.L112I,0.5789932
p.L112R,0.113027108
p.L112S,0.141238218
p.L112V,0.433234324
p.L112W,-0.12490272
p.L112Y,0.084543087
p.E114A,0.508237678
p.E114F,0.714662542
p.E114G,0.940457482
p.E114I,0.864034854
p.E114L,0.707879707
p.E114N,0.628190924
p.E114Q,0.510210717
p.E114R,0.780283943
p.E114S,0.871775468
p.E114W,0.692738514
p.D115G,0.531137038
p.D115K,0.636559697
p.D115L,0.205793108
p.D115M,0.384003979
p.D115P,0.341674731
p.D115Q,0.595295125
p.D115R,0.461144807
p.D115S,0.959848535
p.D115T,0.59187946
p.D115V,0.239621329
p.D115W,-0.120022288
p.D116G,0.997870349
p.D116L,0.708904337
p.D116Q,1.063681473
p.D116S,0.997795284
p.D116V,1.099279863
p.D116W,0.805695667
p.N117A,1.089285453
p.N117G,0.900140393
p.N117H,0.998092702
p.N117K,0.96517914
p.N117P,0.175007534
p.N117Q,0.04354803
p.N117R,1.109027421
p.N117S,1.130212458
p.N117V,0.716409047
p.N117W,0.529273189
p.N117Y,0.855518969
p.H118A,0.460268391
p.H118C,0.068359087
p.H118E,0.160069636
p.H118G,0.168195863
p.H118K,0.31298931
p.H118L,0.32271394
p.H118R,0.790952883
p.H118W,0.45493057
p.V119A,0.414949819
p.V119E,0.187481401
p.V119G,0.201150915
p.V119I,0.822828801
p.V119K,0.354598232
p.V119L,0.411850842
p.V119N,0.345877355
p.V119Q,0.415593692
p.V119R,0.158681177
p.V119S,0.093582831
p.V119W,0.307167664
p.A120E,-0.075192482
p.A120F,0.449809072
p.A120G,0.587628101
p.A120Q,0.108151133
p.A120R,0.139188481
p.A120T,0.484374765
p.A120V,0.718344916
p.A120W,0.330289772
p.A121C,0.904566395
p.A121D,0.200179743
p.A121E,0.240164365
p.A121F,1.096980406
p.A121G,0.481194727
p.A121I,1.11934117
p.A121K,0.226092245
p.A121L,1.060130644
p.A121P,0.096220549
p.A121S,0.50117064
p.A121T,0.338048905
p.A121W,0.721485406
p.A121Y,0.717441497
p.I122A,0.263434456
p.I122C,0.333566831
p.I122E,0.149577895
p.I122L,0.785188297
p.I122P,0.149769761
p.I122Q,0.27715971
p.I122R,0.238123244
p.I122S,0.193858106
p.I122T,0.249643954
p.I122V,1.006093951
p.I122W,0.087920549
p.H123A,0.929397953
p.H123G,0.9470561
p.H123I,1.079979888
p.H123M,1.250657043
p.H123R,0.407828388
p.H123S,1.001454128
p.H123T,0.976850248
p.C124D,1.103005382
p.C124E,1.037684068
p.C124F,0.413096834
p.C124G,0.816647893
p.C124L,0.398876294
p.C124M,0.58150119
p.C124N,0.515654105
p.C124P,0.723189259
p.C124Q,0.450052996
p.C124S,1.137467606
p.C124V,0.389667514
p.C124W,0.439363304
p.C124Y,0.507867404
p.K125A,1.031321438
p.K125C,0.881168447
p.K125D,1.118010681
p.K125E,1.009549777
p.K125G,1.184356861
p.K125H,-0.165354451
p.K125L,0.933558095
p.K125M,0.957427452
p.K125P,0.966106113
p.K125Q,0.685139954
p.K125R,0.918848929
p.K125V,0.965959627
p.A126C,1.125925116
p.A126G,1.032667554
p.A126K,0.817497156
p.A126L,0.576847064
p.A126N,1.081841984
p.A126S,1.086638093
p.A126T,1.019592421
p.G127M,0.54421044
p.G127R,0.490890563
p.K128D,1.158754465
p.K128G,1.175454205
p.K128L,0.979795107
p.K128M,1.219686918
p.G129A,0.690961977
p.G129C,0.51194667
p.G129D,0.652044576
p.G129K,0.333841802
p.G129L,0.432872021
p.G129M,0.495047448
p.G129P,0.80400572
p.G129S,0.720834152
p.G129T,0.66358589
p.R130A,1.277562473
p.R130D,0.96735667
p.R130F,1.08679256
p.R130G,1.085197917
p.R130L,1.193846593
p.R130M,0.964812698
p.R130P,1.156291266
p.R130S,0.759755964
p.R130T,0.919097654
p.R130V,0.837947089
p.T131D,0.757561532
p.T131I,0.72384316
p.T131K,0.367281526
p.T131L,1.121805421
p.T131R,0.258811363
p.V133D,0.190712301
p.V133F,0.313306977
p.V133G,0.365280688
p.V133K,0.35991254
p.V133L,1.142186852
p.V133Q,0.567316432
p.V133R,0.269020733
p.V133S,0.640229692
p.V133W,0.276793145
p.V133Y,0.561358161
p.M134A,0.85377713
p.M134C,0.833447764
p.M134E,0.194870682
p.M134G,0.563678267
p.M134H,0.127233731
p.M134I,0.566351499
p.M134Q,0.149169176
p.M134R,0.308214566
p.M134S,0.438179815
p.M134T,0.375403601
p.M134V,0.766332686
p.M134W,0.626299884
p.I135C,0.364117986
p.I135K,0.162758155
p.I135R,0.149112796
p.I135S,0.238312952
p.I135T,0.885711508
p.C136E,0.251714469
p.C136G,0.371881856
p.C136L,0.311681525
p.C136M,0.031766696
p.C136R,0.167416316
p.A137D,0.211129983
p.A137G,0.47217092
p.A137K,0.197874487
p.A137L,0.719490246
p.A137M,0.497460794
p.A137R,0.204914887
p.A137S,1.083525749
p.A137V,0.880491751
p.A137W,0.499914929
p.Y138G,0.247884867
p.Y138N,0.308298958
p.Y138T,0.256906823
p.Y138V,0.566263487
p.L139A,0.541386323
p.L139E,0.585559283
p.L139G,0.421657891
p.L139H,-0.029551482
p.L139N,0.622568261
p.L139Q,0.221550247
p.L139R,0.273891271
p.L139S,0.206707211
p.L139T,0.495760734
p.L139V,0.462416143
p.L139W,0.78130822
p.L140A,0.230269954
p.L140D,0.143690009
p.L140E,0.25266022
p.L140G,0.333353603
p.L140H,0.227702848
p.L140K,0.132760094
p.L140M,0.645333449
p.L140R,0.159983223
p.L140S,0.194206737
p.L140T,0.265089009
p.L140V,0.634695178
p.H141A,0.450295914
p.H141G,0.516471992
p.H141K,0.578312413
p.H141L,0.300202898
p.H141M,0.523999299
p.H141P,0.133314163
p.H141Q,0.703493586
p.R142A,1.074200894
p.R142D,0.755040847
p.R142E,0.649548951
p.R142G,0.944489462
p.R142M,0.927236831
p.R142P,0.193655578
p.R142Q,1.058050088
p.R142S,0.871550933
p.R142T,0.599893254
p.R142V,0.943767432
p.R142W,0.418744252
p.R142Y,0.682993687
p.G143F,1.027843966
p.G143I,0.356269272
p.G143K,0.666640453
p.G143L,0.500862226
p.G143M,0.78637329
p.G143R,0.976882363
p.G143V,0.426310039
p.K144G,0.78831504
p.K144I,1.16549078
p.K144L,0.982176513
p.K144P,0.615184398
p.K144Q,1.084694792
p.K144R,0.841456194
p.K144V,1.133815082
p.F145G,0.441614066
p.F145P,0.151735396
p.F145Q,0.138228954
p.F145R,0.284991665
p.F145S,0.747509116
p.F145V,0.584132718
p.L146A,1.114396191
p.L146C,0.862080942
p.L146D,1.030856771
p.L146F,0.680974508
p.L146G,1.027587833
p.L146K,1.111883757
p.L146N,0.97661726
p.L146P,0.981411629
p.L146Q,0.933055019
p.L146R,1.05385571
p.L146T,0.20337759
p.L146V,0.874108706
p.L146W,0.969005177
p.K147A,0.985277951
p.K147D,1.042953725
p.K147E,0.982746265
p.K147G,0.98597598
p.K147H,0.985635147
p.K147I,1.042267046
p.K147L,1.016637743
p.K147P,0.375888184
p.K147Q,1.041371525
p.K147R,1.185570733
p.K147V,0.625651743
p.A148G,0.48949833
p.A148K,0.241631344
p.A148L,0.377003401
p.A148P,0.886220124
p.A148R,0.28607285
p.A148W,0.548444317
p.Q149C,0.931668057
p.Q149D,0.885675301
p.Q149E,1.177562256
p.Q149F,0.520800877
p.Q149G,1.038730749
p.Q149H,0.749467223
p.Q149K,0.99951643
p.Q149L,0.540685421
p.Q149P,0.640742527
p.Q149R,1.094845884
p.Q149S,0.654723147
p.Q149T,0.969053081
p.Q149V,0.730989292
p.Q149W,0.550273054
p.A151D,0.249231784
p.A151E,0.238417469
p.A151G,0.214107773
p.A151K,0.109583789
p.A151L,0.176906923
p.A151M,0.491646237
p.A151R,0.229636652
p.A151S,0.815132472
p.A151T,0.701714586
p.A151V,0.970038053
p.A151W,-0.157887561
p.L152C,0.257705423
p.L152D,0.296612859
p.L152G,0.22266481
p.L152I,1.108624382
p.L152N,0.24578144
p.L152Q,0.893428549
p.L152R,0.182816638
p.L152T,0.2192923
p.L152V,0.443232809
p.L152W,0.249043838
p.L152Y,0.542487533
p.D153G,0.60283118
p.D153L,0.470886209
p.D153M,0.712512371
p.D153P,0.203183784
p.D153Y,0.39652013
p.F154A,0.636378694
p.F154C,0.430474253
p.F154D,0.219809528
p.F154E,0.276348729
p.F154G,0.315274158
p.F154H,0.719707497
p.F154I,0.612947693
p.F154K,0.422701273
p.F154L,0.422159164
p.F154M,0.602007046
p.F154N,0.136239453
p.F154P,1.326489773
p.F154R,0.340293109
p.F154S,0.334437719
p.F154T,0.59088791
p.F154V,0.243647973
p.F154W,0.444323086
p.Y155A,0.37247739
p.Y155D,0.348910787
p.Y155E,0.103948617
p.Y155L,0.687755013
p.Y155N,0.276691552
p.Y155Q,0.30109964
p.Y155R,0.217160183
p.G156A,1.042444961
p.G156E,0.788672013
p.G156M,0.988965225
p.G156P,0.50038353
p.G156Q,0.997634167
p.G156R,0.926462523
p.G156S,1.158704521
p.G156V,0.38247276
p.E157A,0.929805374
p.E157C,0.998238285
p.E157D,0.987474887
p.E157F,0.932423421
p.E157G,0.998517066
p.E157M,1.165722063
p.E157P,0.29715542
p.E157Q,0.934242857
p.E157S,0.773210983
p.E157V,0.8192192
p.E157W,0.802489675
p.V158A,1.296446088
p.V158E,0.856244019
p.V158G,0.628919819
p.V158K,1.026345493
p.V158L,0.933249795
p.V158N,0.697434185
p.V158Q,1.16515312
p.V158R,0.925691394
p.V158S,1.048299107
p.V158T,1.022366998
p.R159G,0.923288946
p.T160A,0.804983035
p.T160C,0.679061123
p.T160D,0.963155156
p.T160F,1.015033596
p.T160G,0.913969468
p.T160L,0.81608465
p.T160N,0.78924504
p.T160P,0.993728828
p.T160Q,0.841547438
p.T160S,1.309452642
p.T160V,1.062874818
p.T160W,0.732900067
p.T160Y,0.865596482
p.R161C,1.156637432
p.R161E,0.808455315
p.R161G,1.000959397
p.R161K,0.342162346
p.R161Q,1.290720188
p.R161S,1.316760247
p.R161V,0.885353478
p.D162A,0.706731474
p.D162C,0.785385038
p.D162F,0.668312308
p.D162G,0.826814523
p.D162H,0.931354205
p.D162I,0.532463161
p.D162L,0.556688837
p.D162P,0.423868058
p.D162S,1.146157663
p.D162V,0.557464268
p.D162Y,0.596431243
p.K163A,0.984002916
p.K163D,0.543118486
p.K163E,0.838452111
p.K163F,0.618539643
p.K163G,1.021774757
p.K163I,0.508090674
p.K163L,0.775679141
p.K163P,0.51102703
p.K163Q,1.027146392
p.K163R,0.906126547
p.K163S,0.661048671
p.K163T,0.79437071
p.K163W,0.630044042
p.K163Y,0.796877642
p.K164A,0.709040427
p.K164D,0.749828403
p.K164G,0.997350927
p.K164L,0.56009002
p.K164M,0.663079487
p.K164P,0.534050315
p.K164R,0.960760461
p.K164S,0.767737604
p.K164T,0.86113452
p.K164V,0.756505261
p.K164W,0.752204738
p.K164Y,0.934348238
p.G165A,0.92477305
p.V166C,0.390137525
p.V166E,0.307477147
p.V166G,0.486602756
p.V166H,0.418994101
p.V166L,0.806834077
p.V166M,0.603457593
p.V166P,0.238399402
p.V166R,0.288093085
p.V166S,0.323659932
p.V166T,0.608282439
p.V166W,0.562799011
p.V166Y,0.932613019
p.T167A,0.751492767
p.T167E,0.761016915
p.T167F,0.819161631
p.T167G,0.581746628
p.T167H,0.862193747
p.T167L,0.828675885
p.T167M,0.825049044
p.T167N,0.701551586
p.T167P,0.405862366
p.T167R,0.631500681
p.T167S,1.045467183
p.T167V,0.599810162
p.T167W,0.715107326
p.T167Y,1.078599512
p.I168C,0.97288371
p.I168E,0.943978462
p.I168G,0.644540953
p.I168L,0.845697887
p.I168M,0.80650615
p.I168P,0.754106524
p.I168Q,0.703284658
p.I168R,0.872300826
p.I168S,0.998717815
p.I168V,1.030238541
p.I168W,0.565789342
p.I168Y,0.658939302
p.S170G,0.202378296
p.S170L,0.362059972
p.S170P,0.172296763
p.S170R,0.286042074
p.S170W,0.345807378
p.Q171A,0.671196888
p.Q171D,0.883554482
p.Q171E,0.591357297
p.Q171G,0.320123828
p.Q171L,0.70514783
p.Q171M,0.981280228
p.Q171N,0.984087915
p.Q171P,0.294674167
p.Q171R,0.553256113
p.Q171S,0.845323267
p.Q171T,0.838033908
p.Q171V,0.988921536
p.Q171W,0.873131929
p.R172A,0.700664531
p.R172E,0.488613758
p.R172G,0.33947415
p.R172K,0.731476483
p.R172M,0.576814053
p.R172N,0.307821107
p.R172S,0.300064132
p.R172V,0.603083028
p.R172W,0.36460925
p.R172Y,0.313911115
p.Y174V,0.241865657
p.V175A,0.328144087
p.V175D,0.08288443
p.V175E,0.231259123
p.V175F,0.132899057
p.V175G,0.196914791
p.V175L,0.815481633
p.V175M,0.155669914
p.V175P,0.355122571
p.V175S,0.286139735
p.Y176A,0.849288027
p.Y176D,1.047923637
p.Y176G,0.798135403
p.Y176K,1.090128673
p.Y176P,0.422252771
p.Y176S,0.780189066
p.Y176T,0.805768354
p.Y176V,0.77055291
p.Y176W,0.619185158
p.Y177A,0.142409059
p.Y177C,0.223818971
p.Y177I,0.248968375
p.Y177K,0.430002374
p.Y177L,0.378771931
p.Y177M,0.468614716
p.Y177P,0.350469368
p.Y177R,0.142070445
p.Y177V,0.399493088
p.Y178A,0.604297053
p.Y178C,0.414460947
p.Y178E,0.360829122
p.Y178G,0.229646096
p.Y178I,0.748181605
p.Y178K,0.22165523
p.Y178L,0.53247598
p.Y178M,0.412543123
p.Y178P,0.344945374
p.Y178R,0.13513447
p.Y178S,0.501677703
p.Y178T,0.355641853
p.S179D,0.901134464
p.S179E,1.013407106
p.S179F,0.755022328
p.S179I,0.32430752
p.S179P,0.243352399
p.S179V,0.081143637
p.N184C,0.998046014
p.N184G,0.495540032
p.N184I,0.18729994
p.N184R,0.573058992
p.N184S,0.990173389
p.L186C,1.023769592
p.L186G,0.574410547
p.L186H,0.558580916
p.L186K,0.891255169
p.L186P,0.157346415
p.L186Q,0.791357751
p.L186R,0.557564368
p.L186S,0.6627093
p.L186W,0.628138141
p.L186Y,0.587551844
p.D187A,0.851118177
p.D187F,0.767964829
p.D187G,0.706688322
p.D187H,0.647751001
p.D187I,1.12036475
p.D187K,0.859347292
p.D187L,0.934983072
p.D187M,0.970101028
p.D187N,1.062349913
p.D187P,0.964580756
p.D187R,0.67780043
p.D187S,1.050030057
p.D187T,0.939929636
p.D187V,0.846217168
p.D187Y,0.841721179
p.Y188C,0.24130935
p.Y188D,0.304958254
p.Y188G,0.166989246
p.Y188H,0.185608992
p.Y188I,0.983658989
p.Y188K,0.545543698
p.Y188L,0.45654972
p.Y188M,0.292663683
p.Y188N,0.136788437
p.Y188P,0.222082914
p.Y188Q,0.291483709
p.Y188R,0.21291102
p.Y188S,0.334501266
p.Y188T,0.485096815
p.Y188V,0.428481369
p.Y188W,0.391347521
p.R189D,0.45191338
p.R189F,0.950250291
p.R189G,0.590704609
p.R189I,0.666516404
p.R189K,0.94460026
p.R189L,0.639096369
p.R189N,0.778526573
p.R189P,0.221199075
p.R189S,0.822908555
p.R189T,1.027819431
p.R189V,0.892217238
p.V191G,0.143288636
p.V191K,1.002495785
p.V191S,0.809108834
p.A192E,0.951883515
p.A192G,1.089888718
p.A192H,1.216288351
p.A192K,0.981435168
p.A192L,0.407961859
p.A192M,0.950324904
p.A192R,1.462423845
p.A192S,1.082343988
p.A192T,0.975589512
p.A192V,1.008913158
p.A192W,0.731327095
p.A192Y,1.086366202
p.L193C,0.824538422
p.L193D,0.162667218
p.L193G,0.48747471
p.L193I,0.915779637
p.L193K,0.38537526
p.L193P,0.333540022
p.L193Q,0.334335804
p.L193R,0.9395547
p.L193V,0.772001823
p.L194A,0.720671249
p.L194D,0.425230332
p.L194E,0.636594652
p.L194G,0.454462047
p.L194K,0.646789485
p.L194M,1.06501126
p.L194Q,0.826598535
p.L194R,0.69407295
p.L194S,0.320948748
p.L194T,0.672429449
p.L194V,0.689849347
p.L194Y,0.737919675
p.F195A,0.241853674
p.F195D,0.906214257
p.F195E,0.03239724
p.F195G,0.282181708
p.F195I,0.765954776
p.F195R,0.210735036
p.F195S,0.282535159
p.F195V,0.501018149
p.F195Y,0.542573969
p.H196A,0.413465695
p.H196C,0.670706623
p.H196E,0.84557737
p.H196F,0.283027049
p.H196G,0.331243001
p.H196L,0.311193115
p.H196N,0.546224094
p.H196P,0.309044602
p.H196Q,0.617428179
p.H196R,0.643434566
p.H196S,0.366812149
p.H196T,0.739949989
p.H196V,0.574837635
p.H196Y,0.769518908
p.K197A,0.717005486
p.K197D,0.240237509
p.K197E,0.593203388
p.K197G,0.900082107
p.K197H,0.709528047
p.K197L,0.982909083
p.K197P,0.560821947
p.K197Q,0.449465827
p.K197R,0.933505912
p.K197S,0.362749743
p.K197V,0.501884251
p.K197Y,0.765532428
p.M199V,1.257914969
p.E201A,0.738612778
p.E201C,0.915035166
p.E201F,0.925526887
p.E201G,0.641937183
p.E201I,0.671157402
p.E201L,0.741519415
p.E201M,1.005659073
p.E201P,0.556646692
p.E201Q,0.827648437
p.E201S,0.708393558
p.E201T,1.041065022
p.E201V,1.019479879
p.T202A,0.278806663
p.T202C,0.953408728
p.T202D,0.783696659
p.T202F,0.394321587
p.T202G,0.939166395
p.T202H,1.13452236
p.T202I,0.307786926
p.T202L,0.533153339
p.T202M,0.628696274
p.T202P,0.88611587
p.T202Q,0.750543556
p.T202R,0.619112136
p.T202S,0.780202666
p.T202W,0.681611838
p.T202Y,0.963878376
p.I203A,0.649782015
p.I203C,0.760167719
p.I203E,0.814537836
p.I203G,0.551848499
p.I203P,0.643556313
p.I203R,0.398480796
p.I203S,0.924112131
p.I203V,0.795706566
p.P204A,0.522930966
p.P204E,0.466599167
p.P204L,0.481358378
p.P204M,0.427041908
p.P204R,0.273593765
p.P204S,0.365678683
p.P204T,0.292217559
p.P204V,0.265290486
p.M205A,0.943831984
p.M205E,0.819326681
p.M205G,0.630223262
p.M205P,0.411982362
p.M205R,0.865879221
p.M205S,0.547483442
p.M205T,1.101410573
p.M205W,0.73575258
p.F206A,0.73171606
p.F206C,0.945345742
p.F206D,0.297738994
p.F206G,0.61114497
p.F206H,0.708815353
p.F206I,0.945449892
p.F206L,0.608840914
p.F206M,0.70102834
p.F206P,0.557425293
p.F206Q,0.678117124
p.F206R,0.639036208
p.F206S,0.64562888
p.F206T,0.719560091
p.F206Y,1.051262183
p.S207C,0.880365542
p.S207G,0.966186901
p.S207I,0.848974691
p.S207L,0.977364235
p.S207Q,0.624686153
p.S207R,0.650927122
p.S207T,0.749818351
p.G208A,0.971452894
p.G208C,0.924594556
p.G208D,1.027879558
p.G208E,0.241023774
p.G208F,0.750422926
p.G208L,0.856466653
p.G208M,0.879174406
p.G208Q,0.533973925
p.G208S,1.032266382
p.G208T,0.737867991
p.G208V,0.788889909
p.G209A,1.041760482
p.G209D,0.848633199
p.G209E,1.069862209
p.G209F,0.644909693
p.G209L,0.930722228
p.G209M,0.550628192
p.G209N,1.156747479
p.G209P,0.818611243
p.G209R,0.898612574
p.G209S,0.901152679
p.G209V,0.934435386
p.G209W,0.731435271
p.T210D,1.173002237
p.T210E,1.112389408
p.T210K,0.627873665
p.T210L,0.751380134
p.T210M,0.850687254
p.T210S,1.26567098
p.T210V,0.868312315
p.C211A,0.805663318
p.C211D,0.662831968
p.C211F,1.004901404
p.C211G,0.580805822
p.C211L,0.737385626
p.C211M,0.548408655
p.C211N,0.312975414
p.C211P,0.744171504
p.C211R,0.456883063
p.C211S,0.63580489
p.C211T,0.511030849
p.C211V,0.791159456
p.N212A,0.544443399
p.N212F,0.931692859
p.N212G,0.562152174
p.N212K,0.393929675
p.N212L,0.723161855
p.N212M,1.021761398
p.N212P,0.245966039
p.N212Q,0.862163241
p.N212R,0.759918559
p.N212V,0.854929841
p.N212Y,1.167926598
p.P213A,0.538350374
p.P213F,0.800780822
p.P213M,0.826718229
p.P213V,0.90319424
p.P213W,0.624284995
p.P213Y,1.019073127
p.Q214C,0.913855398
p.Q214E,0.938767681
p.Q214F,0.872773302
p.Q214G,0.915637359
p.Q214K,0.53306729
p.Q214L,0.894644267
p.Q214M,1.129994065
p.Q214P,0.202588995
p.Q214R,0.889629744
p.Q214T,1.144279648
p.Q214V,0.988505011
p.F215A,0.454898901
p.F215D,0.078109034
p.F215E,0.266725858
p.F215I,0.98327863
p.F215K,0.251592242
p.F215L,0.860567222
p.F215M,0.783047667
p.F215N,0.227666936
p.F215P,0.329315925
p.F215R,0.232188504
p.F215S,0.359348687
p.F215T,0.350375353
p.F215V,0.97124721
p.V216A,0.853131478
p.V216F,0.97275514
p.V216G,0.513163933
p.V216L,0.734788519
p.V216N,1.181897008
p.V216P,0.472423781
p.V216S,1.058100208
p.V216W,0.707352387
p.V216Y,0.714727699
p.V217A,0.141967638
p.V217F,0.502589056
p.V217G,0.211952152
p.V217I,1.0744978
p.V217L,0.469741255
p.V217N,0.181441172
p.V217R,0.232384885
p.V217S,0.500631675
p.V217T,0.276234225
p.C218A,0.866228803
p.C218E,0.981399244
p.C218F,0.85250548
p.C218G,0.671568668
p.C218H,0.859824983
p.C218I,0.967392009
p.C218L,0.970499123
p.C218M,1.199415992
p.C218P,0.338762321
p.C218Q,0.892298851
p.C218S,1.108911344
p.C218T,1.050194347
p.C218V,0.760863042
p.C218Y,1.205442613
p.Q219M,0.926370481
p.Q219P,0.382283193
p.Q219R,0.677666262
p.Q219T,0.903009043
p.Q219V,0.916542402
p.Q219W,0.685739525
p.L220A,1.17211967
p.L220D,1.340531963
p.L220F,1.127338398
p.L220I,0.71539083
p.L220M,0.919212567
p.L220P,1.141852613
p.L220R,0.705498331
p.L220V,0.891234369
p.L220Y,0.577662873
p.V222A,1.125271599
p.V222E,0.925460939
p.V222G,0.974502917
p.V222H,1.244565059
p.V222S,1.076100976
p.K223A,0.811523248
p.K223C,1.039100204
p.K223F,0.728709808
p.K223G,0.711363219
p.K223H,0.890865751
p.K223L,0.708819541
p.K223R,0.977411225
p.K223T,1.197380521
p.K223V,0.958116607
p.K223Y,0.446952097
p.I224A,0.618223559
p.I224C,1.073413188
p.I224D,0.627911321
p.I224E,0.563006992
p.I224F,0.459652551
p.I224G,0.437601443
p.I224H,0.568451646
p.I224L,0.978022282
p.I224M,0.865732973
p.I224P,0.735007755
p.I224Q,0.722813401
p.I224R,0.807751953
p.I224S,0.746883368
p.I224V,0.745520916
p.Y225A,0.639993623
p.Y225D,0.413381156
p.Y225E,0.295678577
p.Y225G,0.4649998
p.Y225H,0.830331455
p.Y225I,0.449163353
p.Y225K,0.538574481
p.Y225L,0.956593205
p.Y225P,0.481620181
p.Y225R,0.501945714
p.Y225V,0.369319855
p.S226D,0.948659371
p.S226E,1.160279744
p.S226F,0.515485496
p.S226G,0.890672316
p.S226K,0.63427529
p.S226L,0.498595003
p.S226M,0.790928131
p.S226R,0.700715551
p.S226T,1.181082141
p.S226V,0.78184021
p.S226W,0.471814644
p.S227G,0.884512978
p.S227L,0.593206631
p.S227N,-0.22348633
p.S227P,0.186518
p.S227V,0.512151812
p.S227Y,0.9078646
p.N228A,1.043082889
p.N228C,0.930588358
p.N228D,0.879557208
p.N228E,1.017921352
p.N228F,1.089265029
p.N228G,0.98250667
p.N228H,1.06243046
p.N228I,0.790147229
p.N228K,0.801465731
p.N228L,1.089635443
p.N228M,0.918419408
p.N228P,1.31990126
p.N228Q,1.074948364
p.N228R,0.818817911
p.N228S,1.065464096
p.N228T,1.072082019
p.N228V,0.710809586
p.N228Y,0.925682024
p.S229A,1.091153706
p.S229E,1.138060602
p.S229F,1.115141258
p.S229G,1.002775894
p.S229H,0.721795363
p.S229K,0.863406691
p.S229L,1.040714788
p.S229M,0.911664649
p.S229P,0.811970316
p.S229R,0.695962528
p.S229V,0.963745618
p.S229Y,0.832776101
p.G230C,0.659865206
p.G230E,1.000302708
p.G230M,0.375464668
p.G230R,0.785968084
p.G230S,0.62606432
p.G230T,0.82623551
p.G230V,1.039087856
p.P231A,1.008016624
p.P231C,1.123996851
p.P231D,1.070707099
p.P231E,1.041999003
p.P231F,0.981694708
p.P231G,0.692840005
p.P231I,0.677046595
p.P231K,0.38213466
p.P231L,0.993159686
p.P231M,0.876426137
p.P231N,0.634043458
p.P231R,0.626800223
p.P231S,0.730660804
p.P231T,0.752356835
p.P231V,0.783206991
p.P231Y,0.735004562
p.T232A,0.768636083
p.T232C,0.577364428
p.T232F,0.994377457
p.T232G,0.592969986
p.T232I,0.80822861
p.T232L,0.715196921
p.T232M,1.051836622
p.T232N,0.671957819
p.T232R,0.571825898
p.T232Y,0.682948586
p.R233G,0.810825981
p.R233P,0.491923347
p.R233V,1.070659888
p.R234E,0.956611413
p.R234G,0.746674483
p.R234L,0.897478843
p.R234M,0.839355831
p.R234N,0.810776757
p.R234Q,1.240025875
p.R234S,1.214660049
p.R234V,1.019063282
p.E235A,0.735318809
p.E235D,0.980104368
p.E235G,1.001523233
p.E235H,0.77997247
p.E235I,0.798281068
p.E235K,0.840447906
p.E235L,0.754395302
p.E235P,0.427235884
p.E235Q,0.669092675
p.E235R,0.816756522
p.E235S,1.035732713
p.E235V,1.160331886
p.E235W,0.685197584
p.E235Y,0.676647531
p.D236A,0.894137561
p.D236C,0.624439116
p.D236E,1.005402729
p.D236F,0.558126739
p.D236G,0.923365841
p.D236H,0.804146122
p.D236I,0.548987744
p.D236K,0.788976493
p.D236L,0.611624057
p.D236N,0.602299503
p.D236R,0.643559197
p.D236S,0.854998872
p.D236T,0.67176228
p.D236V,0.487043298
p.K237I,0.282665006
p.K237L,1.056858128
p.K237M,1.268315207
p.K237R,0.824252706
p.K237T,0.719426514
p.K237W,0.543886391
p.F238A,0.792105002
p.F238C,1.201634839
p.F238D,0.600639716
p.F238G,0.792818686
p.F238K,0.699924669
p.F238L,0.848841416
p.F238M,0.996982609
p.F238P,0.176966081
p.F238R,0.98713801
p.F238T,1.070168516
p.F238V,1.011701116
p.F238Y,1.082866409
p.M239C,0.578069605
p.M239F,0.822871691
p.M239G,0.256497874
p.M239L,0.981926042
p.M239P,0.239740228
p.M239R,0.289900502
p.M239V,0.607130207
p.M239Y,0.801985274
p.Y240A,0.678568341
p.Y240C,0.983113359
p.Y240F,0.85110815
p.Y240G,0.41108826
p.Y240I,0.961717115
p.Y240K,0.507256546
p.Y240L,0.98500394
p.Y240M,1.034574514
p.Y240P,0.251476314
p.Y240Q,0.698096004
p.Y240R,0.391027065
p.Y240S,0.88951997
p.Y240T,0.800651925
p.Y240V,0.869644091
p.Y240W,1.364851389
p.F241A,0.234679812
p.F241C,0.274066065
p.F241D,0.291432942
p.F241I,0.415524602
p.F241K,-0.0312808
p.F241L,0.212891367
p.F241P,0.03565036
p.F241Q,0.42203812
p.F241S,0.16714398
p.F241V,0.399506194
p.E242G,0.330833791
p.F243A,0.248567377
p.F243C,0.325984892
p.F243D,0.236277107
p.F243E,0.124750038
p.F243G,0.172894993
p.F243H,0.265402323
p.F243I,0.790289367
p.F243K,0.21245412
p.F243L,0.831340748
p.F243M,0.876625797
p.F243N,0.1327935
p.F243Q,0.331922345
p.F243R,0.229326999
p.F243S,0.244443588
p.F243T,0.251549693
p.F243V,0.349641109
p.F243W,0.543843369
p.F243Y,0.195864441
p.P244C,0.475997765
p.P244D,0.980811199
p.P244F,0.451625282
p.P244G,0.80284072
p.P244H,0.791405686
p.P244K,0.759735871
p.P244L,0.581363027
p.P244N,0.893344168
p.P244Q,0.873745043
p.P244R,0.792271374
p.P244S,0.911066977
p.P244T,0.685854415
p.P244V,0.701895925
p.P244W,0.430011438
p.P244Y,0.727709726
p.Q245A,0.951881011
p.Q245C,0.830962599
p.Q245D,1.060557469
p.Q245G,0.713305712
p.Q245I,0.579151806
p.Q245K,0.890354128
p.Q245L,0.669372845
p.Q245M,0.659167137
p.Q245R,0.817963593
p.Q245S,0.866332221
p.Q245T,0.978654622
p.Q245V,0.800702401
p.P246A,0.961762271
p.P246C,0.320568321
p.P246E,0.250154435
p.P246K,0.063915079
p.P246L,0.267038157
p.P246Q,0.359694186
p.P246R,0.208605977
p.P246T,0.340649088
p.P246V,0.348359479
p.P246Y,0.274784382
p.L247E,0.411898771
p.L247H,0.215683578
p.L247M,0.528887246
p.L247Q,0.515609342
p.L247T,0.381978656
p.P248G,0.625005132
p.P248K,1.026365585
p.P248T,1.110894634
p.V249E,0.269161809
p.V249M,0.354515593
p.C250E,0.95596377
p.C250G,0.5931485
p.C250S,0.843458346
p.C250T,1.171663224
p.C250V,1.183476427
p.C250W,0.929419252
p.C250Y,0.885057592
p.D252A,0.224812435
p.D252C,0.33953415
p.D252E,0.258352576
p.D252G,0.287563094
p.D252H,0.222843067
p.D252I,0.263376405
p.D252K,0.056365362
p.D252L,0.187494061
p.D252M,0.227837961
p.D252P,0.197543922
p.D252S,0.336287205
p.I253A,0.217387278
p.I253C,0.353517099
p.I253D,0.216364416
p.I253F,0.743815394
p.I253G,0.262808971
p.I253L,0.838131944
p.I253M,0.874907562
p.I253Q,0.347282012
p.I253R,0.227770317
p.I253S,0.293899249
p.I253V,0.954060934
p.I253W,0.299615581
p.I253Y,0.349021779
p.K254A,0.500138882
p.K254C,0.817260321
p.K254E,0.134815613
p.K254G,0.43703572
p.K254H,0.870804917
p.K254L,0.65486284
p.K254M,0.599453017
p.K254N,0.696943358
p.K254P,0.298024079
p.K254Q,0.819161337
p.K254R,0.808354867
p.K254S,0.526591354
p.K254T,0.28242627
p.K254V,0.337975376
p.V255A,0.187201879
p.V255E,0.311295513
p.V255G,0.291130994
p.V255K,0.353749602
p.V255M,0.031464634
p.V255Q,0.235025655
p.V255R,0.279687098
p.V255S,0.278312929
p.V255T,0.342212607
p.E256G,0.395802347
p.E256M,0.763507689
p.E256R,0.385182568
p.E256V,0.918055636
p.E256Y,0.430960694
p.F257A,0.421134718
p.F257C,0.629593901
p.F257D,0.205878292
p.F257E,0.28583146
p.F257I,0.475370141
p.F257K,0.720518959
p.F257L,0.362052465
p.F257S,0.406465361
p.F257T,0.159241575
p.F257V,0.581856129
p.F257W,0.450266468
p.F258A,0.48608657
p.F258E,0.402545021
p.F258G,0.28468125
p.F258Q,0.349482497
p.F258R,0.38347766
p.F258V,0.398781015
p.F258W,1.054791263
p.H259D,1.078865629
p.H259E,0.908526324
p.H259F,0.440107459
p.H259G,0.475692399
p.H259K,0.401176044
p.H259L,0.547962092
p.H259Q,0.354330387
p.H259R,0.428158949
p.H259S,0.732249523
p.H259T,0.842973978
p.H259V,0.572722365
p.H259W,0.840136776
p.K260A,1.176610778
p.K260C,1.045528164
p.K260E,0.736391259
p.K260G,1.026015632
p.K260I,1.143737736
p.K260L,1.130869562
p.K260M,0.623668869
p.K260P,0.6709226
p.K260R,0.991134132
p.K260T,0.941980284
p.K260V,1.018041137
p.K260Y,1.254304025
p.Q261A,1.182254962
p.Q261G,0.920866975
p.Q261M,0.441974501
p.Q261S,0.803674954
p.Q261T,1.012092961
p.Q261V,1.084924244
p.N262A,1.128737976
p.N262C,0.985298394
p.N262D,1.221056723
p.N262F,0.812229771
p.N262G,1.026164592
p.N262H,1.023041974
p.N262L,0.892635908
p.N262P,0.910132688
p.N262S,0.832972363
p.N262T,0.763468409
p.N262V,0.792611881
p.K263A,0.98411461
p.K263C,0.990430291
p.K263D,1.046765087
p.K263E,1.159338347
p.K263G,0.896354128
p.K263H,0.908960905
p.K263I,1.003535441
p.K263L,0.886090582
p.K263M,0.891095393
p.K263N,1.059676813
p.K263P,0.995005702
p.K263Q,0.76900687
p.K263R,0.959865431
p.K263S,1.060128259
p.K263T,1.264066086
p.K263V,1.033562397
p.K263W,0.60697266
p.K263Y,0.678077365
p.M264E,-0.070902883
p.M264G,0.956288975
p.M264L,1.061255757
p.L265D,1.158925853
p.L265E,1.14141281
p.L265F,0.817891899
p.L265H,1.003895134
p.L265I,1.192323926
p.L265P,1.107021835
p.L265Q,1.222830461
p.L265R,0.600456134
p.L265T,0.756732228
p.L265V,1.120112996
p.K266L,1.045389637
p.D268G,0.609604933
p.D268S,0.83151809
p.D268V,0.851249461
p.K269A,0.566014612
p.K269C,0.579822843
p.K269D,0.585125059
p.K269E,0.723209083
p.K269F,0.326312308
p.K269L,0.563992668
p.K269M,0.363083426
p.K269N,0.622088318
p.K269Q,0.482787149
p.K269R,0.784886185
p.K269S,0.743521117
p.K269T,0.638772106
p.K269V,0.561602349
p.K269W,0.37241097
p.K269Y,0.456193116
p.M270A,0.478232588
p.M270C,-0.167345512
p.M270D,0.1320649
p.M270G,0.259789863
p.M270I,0.808392409
p.M270K,0.546216068
p.M270L,0.95091826
p.M270N,0.231967134
p.M270P,0.170409346
p.M270R,0.238800246
p.M270S,0.250764355
p.M270T,0.35461751
p.M270V,0.250173146
p.F271C,0.547033168
p.F271D,0.190284583
p.F271I,0.391008008
p.F271P,0.229267781
p.F271Q,0.235585891
p.F271R,0.295603327
p.F271S,0.355379354
p.F271T,0.078302152
p.F271V,0.241388224
p.F271Y,0.298966671
p.H272D,0.36484539
p.H272G,0.714913007
p.H272I,0.296490865
p.H272K,0.774411598
p.H272L,0.419108935
p.H272M,0.93027955
p.H272P,0.320483949
p.H272R,1.005269738
p.H272S,0.722142492
p.F273A,0.568821476
p.F273E,0.292461105
p.F273I,0.579859082
p.F273L,0.946763731
p.F273M,0.589261606
p.F273R,0.236103567
p.F273T,0.472022189
p.F273V,0.614089842
p.F273W,0.299536494
p.F273Y,0.240098726
p.W274A,0.435603625
p.W274K,0.210050688
p.W274M,0.272884069
p.W274P,0.422002971
p.W274Q,0.306283987
p.W274R,0.255746049
p.W274S,0.315360068
p.W274T,0.412327817
p.W274V,0.495734499
p.V275C,0.694129776
p.V275G,0.321532995
p.V275L,0.868758384
p.V275W,0.460427861
p.N276A,0.215742177
p.N276H,0.177747343
p.N276L,0.267299069
p.N276Q,0.334495128
p.N276S,0.340315934
p.N276T,0.39418643
p.N276V,0.082446218
p.T277A,0.289197529
p.T277C,0.076080457
p.T277D,0.218778496
p.T277L,0.20493203
p.T277M,0.194729715
p.T277Q,0.214324896
p.T277R,0.212413414
p.T277S,0.476600474
p.T277V,0.312113039
p.T277Y,0.108812985
p.F278D,0.351439604
p.F278E,0.384785509
p.F278G,0.401832958
p.F278K,0.235029793
p.F279C,0.892724492
p.F279E,0.232617396
p.F279G,0.421056154
p.F279I,0.571408874
p.F279L,0.510255678
p.F279M,1.186484277
p.F279N,0.193043774
p.F279P,0.263313353
p.F279R,0.215082516
p.F279S,0.300651603
p.F279T,0.345399686
p.F279Y,0.638464032
p.I280A,0.365546713
p.I280C,0.509143846
p.I280D,0.279036967
p.I280E,0.502570303
p.I280F,0.481621283
p.I280G,0.272548183
p.I280K,0.141447439
p.I280L,0.823196191
p.I280M,0.704315
p.I280P,0.392039984
p.I280R,0.307386381
p.I280S,0.338615288
p.I280T,0.59498928
p.I280V,1.012413039
p.P281C,1.05881155
p.P281L,1.110992265
p.P281N,1.377232858
p.P281Q,0.956485614
p.P281R,1.085487541
p.P281T,0.813717668
p.P281V,0.981541415
p.G282M,1.151449403
p.G282S,1.012992927
p.E284G,1.207337821
p.E285A,0.853855404
p.E285C,0.954272081
p.E285D,0.848051084
p.E285G,0.992352198
p.E285K,1.215459408
p.E285L,0.672448351
p.E285M,1.056708373
p.E285N,0.676009771
p.E285P,0.861500843
p.E285R,1.00625352
p.E285S,1.06831761
p.E285T,1.276848933
p.E285V,0.939341967
p.E285W,1.233521127
p.E285Y,0.929987955
p.T286A,1.147059875
p.T286C,0.979222152
p.T286G,1.088770669
p.T286I,0.586691795
p.T286P,0.469314328
p.T286V,1.132043678
p.T286Y,1.257412066
p.S287D,1.135637337
p.S287E,0.893766646
p.S287F,1.083070129
p.S287G,0.951549928
p.S287H,1.12102008
p.S287I,1.011400211
p.S287K,0.652271332
p.S287L,1.040979816
p.S287P,1.152832469
p.S287R,0.940878294
p.S287V,1.053175659
p.E288I,1.048636309
p.E288T,1.077449936
p.K289A,0.959317499
p.K289D,1.200634917
p.K289E,0.885666535
p.K289G,0.758392511
p.K289N,0.827611414
p.K289P,0.955752
p.K289R,1.140559448
p.K289S,0.537422553
p.K289T,1.03877366
p.K289V,0.891209618
p.N292A,1.097827542
p.N292G,1.012958635
p.N292I,0.932526555
p.N292L,0.816382835
p.N292R,1.052863269
p.N292S,0.937078923
p.N292V,1.188417648
p.G293A,1.075368156
p.G293S,1.030199057
p.G293V,0.96148976
p.S294L,0.969279215
p.S294T,1.061590672
p.S294V,0.785990818
p.S294W,1.05466061
p.S294Y,0.95008092
p.L295A,1.03347736
p.L295C,0.948287552
p.L295D,0.974849969
p.L295E,0.927851132
p.L295F,0.877125149
p.L295G,1.053542222
p.L295H,1.159350168
p.L295M,1.05670163
p.L295P,0.790698909
p.L295R,1.019804192
p.L295S,0.841945109
p.L295V,0.743090136
p.L295Y,0.922578338
p.C296I,1.003532981
p.C296R,0.936433531
p.C296S,0.897460145
p.C296T,0.963207446
p.D297F,0.904039371
p.D297L,1.236954319
p.D297V,1.041175711
p.Q298C,0.984902543
p.Q298E,0.772931323
p.Q298F,0.88014732
p.Q298G,1.005451156
p.Q298L,0.571208491
p.Q298M,0.962473838
p.Q298P,1.021772868
p.Q298R,1.069378046
p.Q298S,0.982548948
p.Q298T,0.953947111
p.Q298V,0.724168327
p.Q298W,1.01021074
p.E299A,0.910230333
p.E299C,1.004209745
p.E299G,0.849213233
p.E299I,0.929239362
p.E299K,1.024835192
p.E299L,0.859088222
p.E299M,0.948678831
p.E299S,1.068011958
p.E299T,0.80019483
p.E299V,0.652059656
p.E299W,1.048762136
p.E299Y,1.133911334
p.I300A,1.2869102
p.I300K,1.190971832
p.I300V,0.329428114
p.I303A,0.907536912
p.I303C,1.117096693
p.I303F,0.863085328
p.I303K,0.65619435
p.I303L,0.912401776
p.I303M,1.282172878
p.I303P,1.030356236
p.I303Q,1.017150517
p.I303R,1.095229742
p.I303S,1.063502387
p.I303T,0.983313907
p.I303V,1.075777585
p.I303W,0.952571377
p.I303Y,1.035469541
p.C304E,1.331343993
p.C304P,0.879605525
p.C304R,0.958330196
p.S305A,1.169290265
p.S305C,0.942546335
p.S305F,0.949778579
p.S305I,1.128539761
p.S305K,1.150798915
p.S305L,0.88606871
p.S305M,0.838758727
p.S305P,1.173236138
p.S305Q,1.064234923
p.S305R,0.906563209
p.S305T,1.092291079
p.S305W,0.805960458
p.I306A,0.874775184
p.I306C,0.775184153
p.I306E,1.048412044
p.I306F,0.936169356
p.I306G,0.810905262
p.I306H,0.919513032
p.I306L,0.912944739
p.I306M,0.399181664
p.I306P,1.026203057
p.I306S,0.542853758
p.I306T,0.713470445
p.I306V,0.960866881
p.I306Y,0.854712023
p.E307A,0.748661255
p.E307G,0.919824774
p.E307I,1.061108592
p.E307K,1.022852565
p.E307L,0.514737335
p.E307M,0.977155626
p.E307N,0.948313123
p.E307P,0.659247462
p.E307R,0.912119428
p.E307S,0.830417662
p.E307T,1.384807978
p.E307V,0.999552462
p.E307W,1.055163521
p.R308A,0.944249124
p.R308C,1.244398484
p.R308G,0.793367333
p.R308H,0.571405551
p.R308I,1.100120397
p.R308K,1.164774272
p.R308L,0.95209508
p.R308M,0.743111737
p.R308N,0.998467095
p.R308P,1.06100351
p.R308T,0.862558461
p.R308V,0.913729265
p.R308W,0.864400291
p.A309G,1.178037173
p.A309H,0.599676336
p.A309I,1.241867771
p.A309P,0.93226177
p.A309R,1.030779888
p.A309V,0.899788095
p.D310E,0.843698541
p.D310G,1.312142195
p.D310L,0.862914341
p.D310R,1.243470759
p.D310S,1.032684811
p.D310V,1.032361578
p.D310W,1.182065561
p.N311A,0.79992353
p.N311D,1.046387039
p.N311E,0.930467777
p.N311G,0.946441025
p.N311I,0.714233486
p.N311K,1.035895529
p.N311L,0.92962782
p.N311M,0.895968748
p.N311P,0.863392558
p.N311R,1.010024787
p.N311S,1.04462209
p.D312G,0.956246277
p.D312L,0.770203001
p.D312R,0.94856577
p.D312T,1.034389105
p.D312V,0.784320261
p.D312W,0.967647064
p.K313F,0.644707145
p.K313I,1.062175041
p.K313P,1.048839607
p.K313R,0.901274574
p.K313S,1.013564805
p.K313V,0.756402857
p.K313W,0.969215167
p.K313Y,0.990553948
p.E314A,0.83770175
p.E314G,0.74044913
p.E314P,1.04584607
p.E314T,1.057176453
p.E314V,0.870695269
p.Y315D,0.626096867
p.Y315E,0.783805404
p.Y315G,0.59445459
p.Y315K,0.722475607
p.Y315L,0.815866273
p.Y315M,1.123577766
p.Y315T,0.687086976
p.Y315V,0.815146947
p.L316A,1.150457611
p.L316E,0.77172486
p.L316S,1.118463786
p.L318A,0.850129472
p.L318C,0.893888135
p.L318D,0.56880736
p.L318E,0.781836212
p.L318F,0.681823695
p.L318G,0.449298321
p.L318M,0.855683164
p.L318N,0.52543636
p.L318P,0.356731718
p.L318Q,0.853742366
p.L318R,0.613827208
p.L318S,0.849896551
p.L318T,0.707018976
p.L318V,0.903112264
p.L318W,0.558554691
p.L318Y,0.953541441
p.T319C,1.064436022
p.T319D,0.64487551
p.T319E,0.959458942
p.T319F,0.509712561
p.T319G,0.741824608
p.T319H,0.632096313
p.T319I,0.827492044
p.T319L,0.744334284
p.T319M,1.034314792
p.T319N,0.633473423
p.T319P,0.727899818
p.T319Q,1.056811118
p.T319R,0.636291089
p.T319S,0.818139459
p.T319Y,0.682302938
p.L320A,0.399493382
p.L320C,0.513214902
p.L320E,0.228658991
p.L320F,0.802115285
p.L320G,0.339244371
p.L320H,0.110649922
p.L320I,0.533193414
p.L320M,0.984580043
p.L320N,0.25688519
p.L320Q,0.401395326
p.L320R,0.395331226
p.L320S,0.279471748
p.L320V,0.57630926
p.L320Y,0.575172974
p.T321C,0.935582855
p.T321D,1.008952471
p.T321E,1.218147652
p.T321F,0.878191995
p.T321G,0.824734457
p.T321H,1.174163466
p.T321L,0.982609637
p.T321M,0.848120982
p.T321N,1.003859878
p.T321P,0.932955761
p.T321Q,1.174332175
p.T321R,0.945026125
p.T321S,0.806351269
p.T321V,0.770416631
p.T321W,0.596297213
p.T321Y,1.077618909
p.K322A,0.578619526
p.K322F,0.320733841
p.K322G,0.391922732
p.K322I,0.53251471
p.K322L,0.825876226
p.K322P,0.329397261
p.K322Q,0.773274434
p.K322R,0.688768451
p.K322S,0.458721672
p.K322T,0.656082525
p.K322V,0.626162251
p.K322W,0.387366306
p.L325A,0.349862968
p.L325E,0.3737255
p.L325F,0.377949791
p.L325I,0.790362658
p.L325M,0.410122205
p.L325N,0.369651229
p.L325Q,0.347915508
p.L325R,0.234710832
p.L325S,0.254802772
p.L325T,0.411953528
p.L325V,0.595291481
p.L325Y,0.565113476
p.N329A,0.690134144
p.N329C,0.56637107
p.N329F,0.732664391
p.N329G,0.559515708
p.N329L,0.484039774
p.N329M,0.639162208
p.N329P,0.53366102
p.N329Q,0.725202702
p.N329R,0.702997691
p.N329S,0.749898593
p.N329V,0.706058464
p.N329W,0.623208683
p.N329Y,0.65312122
p.K330A,0.667039795
p.K330E,0.507069033
p.K330F,0.502102408
p.K330G,0.558225431
p.K330I,0.610627121
p.K330L,0.828297841
p.K330M,0.677229867
p.K330N,0.748767622
p.K330Q,0.541264581
p.K330R,0.865930947
p.K330S,0.579165994
p.K330T,0.786965201
p.K330V,0.55798226
p.K330W,0.451451339
p.K330Y,0.625206408
p.D331A,0.448733937
p.D331C,0.437496305
p.D331E,0.504845869
p.D331G,0.433577993
p.D331I,0.427978108
p.D331K,0.756745183
p.D331L,0.33181398
p.D331M,0.503989479
p.D331P,-0.038826546
p.D331R,0.670068335
p.D331S,0.419452293
p.D331T,0.129706582
p.D331V,0.456352243
p.K332E,0.596136087
p.K332N,0.661373359
p.K332Q,0.599844576
p.K332R,0.8474361
p.K332V,1.030003909
p.A333T,1.028576076
p.N334I,0.530441175
p.N334K,0.583459908
p.N334V,0.465450243
p.F337A,0.365810651
p.F337C,0.314626959
p.F337L,0.506332349
p.F337M,0.450711725
p.F337S,0.282165307
p.S338F,0.642656579
p.N340K,1.076881972
p.F341C,0.459690684
p.F341G,0.279233318
p.F341L,0.409163187
p.F341V,0.733375889
p.K342H,1.069094718
p.K342L,0.985996296
p.K342R,0.976175172
p.V343C,0.962139523
p.V343W,0.237541077
p.K344C,0.862575322
p.K344E,0.679721808
p.L345D,0.247755089
p.L345M,0.993474324
p.L345N,0.719861099
p.L345T,0.801720296
p.Y346S,0.513751859
p.F347W,0.44351288
p.T348R,0.664444226
p.T348V,0.112771759
p.K349T,0.690835304
p.V351D,0.963744743
p.V351G,1.133283063
p.V351I,1.190046651
p.V351K,0.801015628
p.V351P,1.162681867
p.V351Q,1.185519402
p.V351S,0.990988359
p.P354A,1.068327781
p.P354C,1.13104195
p.P354D,0.961723051
p.P354E,0.66065002
p.P354F,1.096486938
p.P354G,0.886169101
p.P354H,0.907497728
p.P354I,1.029484768
p.P354K,1.18432004
p.P354L,0.734344246
p.P354M,0.765497854
p.P354Q,1.196047953
p.P354R,0.952042266
p.P354S,0.682472036
p.P354T,0.889416365
p.P354V,0.692163626
p.P354W,0.786021019
p.P354Y,0.873161874
p.S355A,1.025844749
p.S355C,1.155774536
p.S355D,1.16079026
p.S355E,0.759828708
p.S355G,0.957178806
p.S355I,0.96167605
p.S355L,0.932112044
p.S355P,0.929027513
p.S355R,0.919709851
p.S355T,0.850112497
p.N356E,1.033099025
p.N356F,0.799992366
p.N356R,0.838072377
p.N356T,1.055000871
p.P357A,0.835857892
p.P357G,0.855357178
p.P357L,1.042984971
p.P357Q,0.474383894
p.P357R,1.060783204
p.P357S,0.7403901
p.P357V,1.140500453
p.E358G,1.167397767
p.E358H,0.845866641
p.E358L,1.093645174
p.E358M,1.064988688
p.E358S,1.020160641
p.E358V,0.945935975
p.S360E,1.242412185
p.S360G,0.978379892
p.S360K,0.911621935
p.S360L,1.097429957
p.S360M,0.941753963
p.S360N,1.307342849
p.S360P,0.41733674
p.S360R,0.903788583
p.S360W,1.082074592
p.S361A,0.91113931
p.S361C,0.810689876
p.S361F,0.796954235
p.S361G,1.073032512
p.S361H,1.087409442
p.S361I,1.105225541
p.S361K,1.106022507
p.S361L,0.912419787
p.S361M,1.018906025
p.S361P,1.246850381
p.S361Q,1.326397791
p.S361R,0.91454273
p.S361T,1.093957937
p.S361V,0.920491862
p.S361W,0.684783774
p.S362E,1.19858465
p.S362G,0.94493124
p.S362L,0.902850632
p.S362R,0.980827542
p.S362T,0.909884102
p.S362V,1.086687804
p.T363D,0.688441522
p.T363E,1.185966673
p.T363F,1.162621571
p.T363G,1.023516403
p.T363I,1.075778944
p.T363P,0.8794349
p.T363R,0.922791521
p.T363S,1.203993928
p.T363V,0.954240479
p.T363Y,1.106586345
p.S364A,0.733838876
p.S364C,1.070390588
p.S364D,1.149676387
p.S364E,1.137844627
p.S364G,1.109470442
p.S364H,0.803042491
p.S364L,1.041630112
p.S364P,1.094161415
p.S364Q,0.920235988
p.S364R,1.101923815
p.S364T,1.149293079
p.S364V,0.708761834
p.S364Y,1.033590306
p.V365A,1.08185567
p.V365C,0.951021329
p.V365D,0.824059132
p.V365F,0.923789981
p.V365I,1.140914254
p.V365K,0.949149288
p.V365L,0.916678763
p.V365P,1.112724053
p.V365T,0.814149138
p.V365W,0.809438126
p.T366D,1.209819687
p.T366E,1.154525167
p.T366G,0.954587503
p.T366K,0.580247215
p.T366L,1.136714098
p.T366N,0.73789873
p.T366R,1.007217712
p.T366S,1.001344609
p.T366V,0.970719072
p.T366W,1.08654761
p.T366Y,0.985328549
p.P367C,1.061783257
p.P367E,1.236947477
p.P367G,0.939889309
p.P367K,0.873096179
p.P367L,0.813818432
p.P367M,1.26013247
p.P367Q,0.954040362
p.P367R,0.865044372
p.P367T,1.086129566
p.P367V,1.072972233
p.P367W,1.001303379
p.D368A,1.044054356
p.D368E,0.991835008
p.D368G,0.989320088
p.D368H,0.739986538
p.D368I,0.776131966
p.D368L,0.82477186
p.D368R,1.052365134
p.D368S,0.706149612
p.V369F,1.090484889
p.V369G,1.100231087
p.V369L,0.69084695
p.V369M,0.848089795
p.V369P,1.032862497
p.V369R,0.217625652
p.V369S,0.397141423
p.V369T,1.073618706
p.V369W,0.648760044
p.S370A,0.805402467
p.S370C,0.787571564
p.S370F,0.897594114
p.S370G,1.029476093
p.S370K,0.872301002
p.S370L,1.072155878
p.S370M,0.827261681
p.S370P,0.753954349
p.S370Q,1.054285184
p.S370R,0.833561932
p.S370T,0.836881898
p.S370V,0.853525171
p.D371A,0.782144118
p.D371F,0.966420873
p.D371G,0.808168216
p.D371L,0.600996238
p.D371M,0.859349054
p.D371N,0.752910766
p.D371P,0.845864109
p.D371Q,1.141470101
p.D371R,0.468894694
p.D371S,0.897198987
p.D371T,0.952693036
p.D371V,0.963020875
p.D371W,0.986718229
p.N372A,0.947073932
p.N372I,0.767391021
p.N372L,1.048017965
p.N372P,1.070231922
p.N372R,0.612157656
p.N372S,1.180070981
p.N372T,0.82281966
p.N372V,0.651654637
p.N372W,0.729668982
p.N372Y,0.973983414
p.D375A,0.624890669
p.D375E,1.02389083
p.D375G,0.589395103
p.D375L,0.550677389
p.D375M,0.613795717
p.D375N,0.416215591
p.D375P,1.16782238
p.D375R,0.506526817
p.D375T,0.339157505
p.D375V,0.343957489
p.H376A,0.97537484
p.H376D,1.080449968
p.H376E,1.307550499
p.H376F,1.091000661
p.H376G,0.863728595
p.H376I,0.98610523
p.H376K,0.783326822
p.H376L,0.911472951
p.H376M,0.850372588
p.H376P,0.798100725
p.H376Q,0.962442824
p.H376R,0.923511054
p.H376S,1.126588544
p.H376T,1.047162283
p.H376V,1.064975249
p.H376W,0.75448431
p.H376Y,0.726711134
p.Y377A,0.635440967
p.Y377C,0.721324034
p.Y377D,0.721744812
p.Y377E,0.626764129
p.Y377F,0.804013881
p.Y377G,0.671625627
p.Y377H,0.876975887
p.Y377I,0.58558255
p.Y377K,0.623952215
p.Y377L,0.560034487
p.Y377M,0.239585593
p.Y377N,0.549942561
p.Y377P,0.540093102
p.Y377Q,0.711269621
p.Y377R,0.584063295
p.Y377S,0.58185465
p.Y377T,0.75566021
p.Y377W,0.823493362
p.R378A,0.844338612
p.R378D,0.500823008
p.R378F,0.899720402
p.R378G,0.715501327
p.R378L,0.73556955
p.R378P,0.640290361
p.R378S,0.861189071
p.R378T,0.876664358
p.R378V,0.78530508
p.R378Y,0.201114695
p.Y379A,0.635055122
p.Y379D,0.648604743
p.Y379G,0.670482148
p.Y379K,0.572014444
p.Y379L,0.645437109
p.Y379M,0.88796553
p.Y379P,0.534272144
p.Y379R,0.645899046
p.S380Q,0.301335341
p.T383A,0.441354938
p.T383D,0.741912694
p.T383V,0.109774459
p.T383W,0.760595679
p.D384I,0.686483658
p.D384P,0.44772559
p.D384Y,0.541342615
p.S385A,0.557347999
p.S385C,0.542808893
p.S385F,0.336671512
p.S385G,0.686305653
p.S385H,0.649603201
p.S385I,0.351353161
p.S385K,0.520085633
p.S385L,0.415859875
p.S385M,0.558989791
p.S385N,0.89160233
p.S385P,0.635521428
p.S385Q,0.649866495
p.S385R,0.423349247
p.S385T,0.879717914
p.S385V,0.472934983
p.D386C,0.769768344
p.D386E,0.959299067
p.D386I,0.610393735
p.D386L,0.6267872
p.D386P,0.585420741
p.D386Q,0.734081351
p.D386T,0.481885735
p.D386V,0.808686442
p.P387A,1.082708405
p.P387D,1.056277403
p.P387E,0.896710133
p.P387F,1.00777964
p.P387I,0.892613356
p.P387K,0.942766498
p.P387L,0.923337045
p.P387M,1.022088891
p.P387Q,1.034814112
p.P387R,0.810309606
p.P387S,1.096419452
p.P387T,1.123461311
p.P387V,0.899033294
p.P387W,0.981082784
p.E388F,0.49804521
p.E388L,0.583674855
p.E388Q,0.620350344
p.E388R,0.381091038
p.E388S,0.494083286
p.E388T,0.551259974
p.E388V,0.76954831
p.E388W,0.565160462
p.N389A,0.938217325
p.N389C,0.676747024
p.N389D,1.105398852
p.N389F,0.902556965
p.N389H,0.956238605
p.N389I,0.94955922
p.N389L,1.136787398
p.N389P,0.990348004
p.N389Q,1.025702921
p.N389S,1.189017821
p.N389T,0.971294409
p.N389V,0.895514991
p.N389W,1.063320786
p.N389Y,1.023418684
p.E390A,0.788603897
p.E390G,0.863938105
p.E390K,0.970096589
p.E390L,0.922675274
p.E390M,0.606671047
p.E390T,0.743525118
p.E390V,0.979094101
p.P391C,1.098954435
p.P391G,0.848147519
p.P391I,0.823012187
p.P391K,1.156146607
p.P391L,0.705635881
p.P391M,1.150329678
p.P391R,0.983274108
p.P391S,0.829098432
p.P391T,0.894481483
p.P391V,0.897471995
p.P391W,1.083453361
p.F392A,1.066055863
p.F392C,1.217490224
p.F392E,1.191244901
p.F392P,1.134754599
p.F392Q,0.847153501
p.D393A,1.078545535
p.D393C,0.818439722
p.D393F,0.843730476
p.D393L,0.933770052
p.D393M,0.912264332
p.D393N,0.923176792
p.D393R,0.944532334
p.D393S,1.095293143
p.D393V,0.996386442
p.D393W,0.91691725
p.E394A,0.894097789
p.E394H,1.163992909
p.E394I,0.91067024
p.E394K,0.919180956
p.E394L,0.734638744
p.E394R,0.775305301
p.E394S,0.991543446
p.E394V,1.041376673
p.E394Y,0.822801944
p.D395A,1.064729664
p.D395C,0.99163579
p.D395H,1.103850611
p.D395K,1.048144758
p.D395L,0.858052712
p.D395M,0.842271873
p.D395N,0.211184937
p.D395R,1.01373628
p.D395S,0.779860333
p.D395T,1.001191766
p.D395W,1.032868473
p.D395Y,0.919461801
p.Q396A,1.084636621
p.Q396C,0.650358303
p.Q396E,0.966678405
p.Q396G,0.982154054
p.Q396L,0.711913639
p.Q396M,1.066870485
p.Q396P,0.845526948
p.Q396R,0.924350304
p.Q396S,0.847653053
p.Q396T,0.910316823
p.Q396V,0.90845158
p.Q396Y,0.930469311
p.H397A,1.004062553
p.H397C,0.942715851
p.H397D,0.696731253
p.H397E,0.79382471
p.H397F,0.949914038
p.H397G,0.995139939
p.H397K,1.092087307
p.H397L,0.99635002
p.H397M,0.792299464
p.H397N,0.933558476
p.H397P,1.035900594
p.H397V,1.000540955
p.T398E,1.040283207
p.T398G,0.990311833
p.T398K,1.091313209
p.T398L,0.982843577
p.T398M,1.103946148
p.T398N,0.811653698
p.T398P,1.092840962
p.T398R,0.998909435
p.T398S,0.936381192
p.T398W,1.239142058
p.Q399A,0.895532468
p.Q399E,0.944354954
p.Q399K,1.143666758
p.Q399M,1.027268482
p.Q399P,1.132588113
p.Q399Y,0.740034779
p.I400M,0.998842468
p.I400N,1.073989317
p.I400R,0.87906806
p.I400W,0.912122959
p.I400Y,1.071360033
p.T401P,1.233785986
p.T401R,0.901669693
p.K402S,1.185366973
p.V403E,0.704013461
p.V403M,1.053186174
p.T2T,0.91539054
p.V9V,1.190417797
p.R11R,1.005505034
p.N12N,1.278470557
p.R14R,1.155215335
p.R15R,1.032425442
p.Q17Q,0.800892099
p.G20G,0.984029351
p.F21F,1.080368691
p.D22D,0.940769578
p.L23L,0.903354061
p.L25L,0.921993203
p.T26T,1.14513234
p.P30P,0.944152537
p.G36G,1.034944621
p.P38P,1.192444996
p.A39A,0.941829388
p.E43E,1.050734317
p.G44G,1.037582291
p.V45V,0.892714572
p.R47R,1.011704858
p.V53V,0.915415699
p.V54V,1.045173248
p.R55R,1.084055779
p.L57L,1.09145348
p.S59S,0.913986608
p.K60K,1.02984647
p.K62K,1.009924955
p.Y65Y,1.014937149
p.I67I,0.10037882
p.A72A,1.06095857
p.E73E,1.020622651
p.R74R,1.156740911
p.D77D,1.041719475
p.A79A,0.925214367
p.K80K,1.180431489
p.V85V,1.040534653
p.Q87Q,0.864489446
p.P89P,1.115840179
p.D92D,0.914596998
p.N94N,1.067866922
p.P95P,0.726520782
p.L98L,1.066333305
p.P103P,0.713220166
p.E106E,0.824167958
p.L108L,1.127078958
p.D109D,1.249491958
p.L112L,0.82750656
p.E114E,1.009985427
p.V119V,0.940107118
p.A120A,1.003396113
p.A121A,1.126218287
p.K125K,0.956604757
p.A126A,0.777316024
p.G129G,1.049429791
p.R130R,0.821333139
p.I135I,1.107660139
p.L139L,0.964523047
p.L140L,0.902687356
p.R142R,0.924970743
p.G143G,1.037390508
p.L146L,0.837798746
p.A148A,0.876207333
p.Q149Q,1.132873871
p.A151A,0.92059754
p.L152L,0.888489337
p.F154F,0.880716812
p.G156G,1.137345069
p.E157E,0.73049031
p.V158V,1.145036481
p.T160T,1.176005144
p.R161R,0.992100769
p.D162D,0.857115497
p.K163K,1.268574965
p.V166V,0.995037086
p.R172R,1.156259106
p.V175V,1.018795078
p.S179S,0.225184012
p.R189R,0.792225572
p.A192A,0.939862374
p.L194L,1.23922999
p.H196H,0.772200597
p.E201E,0.953640885
p.T202T,0.84788634
p.F206F,0.874113468
p.G208G,0.894812141
p.G209G,1.006343234
p.C211C,1.130410148
p.P213P,0.696274259
p.V216V,0.743051716
p.V217V,1.090591915
p.C218C,1.116307119
p.L220L,1.046375719
p.V222V,1.128933664
p.K223K,1.201489254
p.I224I,1.09042295
p.S226S,0.993691375
p.S227S,1.091327531
p.S229S,1.14300133
p.G230G,1.006634465
p.P231P,1.063745752
p.R233R,0.953665715
p.R234R,0.68586531
p.E235E,1.072157441
p.D236D,0.941609669
p.F243F,0.842015647
p.K254K,0.56017084
p.V255V,1.057489992
p.F257F,1.027249648
p.N262N,1.060256211
p.L265L,0.947915472
p.V275V,0.856951262
p.I280I,1.065803968
p.P281P,0.417562035
p.S287S,0.991490797
p.E288E,0.193445314
p.K289K,1.320236951
p.S294S,0.824393444
p.L295L,1.055863198
p.Q298Q,1.233951233
p.S302S,0.917048555
p.I306I,1.085347924
p.R308R,0.906901034
p.E314E,0.822066337
p.L316L,1.06383189
p.L318L,0.922082104
p.T319T,0.867059344
p.L320L,1.136500567
p.T321T,0.986833783
p.K322K,1.209016076
p.L325L,0.486220076
p.K330K,1.117519235
p.D331D,0.815817903
p.K332K,0.877476505
p.Y336Y,1.000908819
p.V343V,0.926812794
p.L345L,1.03644325
p.P354P,0.903426553
p.S355S,0.828456091
p.S360S,1.036371439
p.S361S,1.031542551
p.T363T,0.858076754
p.V365V,1.078303891
p.T366T,1.076708299
p.P367P,0.710433947
p.V369V,1.013348997
p.S370S,1.03365357
p.D371D,1.045122139
p.R378R,1.00490874
p.S385S,1.003262864
p.P387P,0.768349201
p.E390E,1.00350987
p.E394E,0.897661675
p.Q399Q,0.824997652
p.T401T,0.9422047
p.V403V,0.716055909
p.N31X,0.023642874
p.M35X,0.180567849
p.P38X,-0.02749454
p.A39X,0.06613776
p.V45X,0.210603632
p.Y46X,0.005760319
p.N49X,-0.074940649
p.V53X,-0.049563577
p.V54X,0.034242148
p.D58X,-0.090223459
p.S59X,0.048052543
p.H61X,0.095161166
p.K62X,-0.016026646
p.N63X,0.155406931
p.Y65X,0.046866807
p.K66X,0.002191356
p.I67X,0.313638542
p.Y68X,0.00809752
p.N69X,-0.034450339
p.A72X,0.268730933
p.Y76X,0.091531958
p.D77X,-0.026211542
p.A79X,0.076669558
p.F81X,0.0523915
p.C83X,-0.097645039
p.F90X,-0.002767672
p.D92X,-0.036791759
p.H93X,-0.061152232
p.N94X,-0.067433338
p.P95X,0.077302078
p.L98X,-0.029359927
p.F104X,0.007435377
p.D107X,0.01317409
p.Q110X,-0.012415206
p.W111X,-0.081351937
p.L112X,-0.022417437
p.E114X,-0.051024525
p.D115X,0.002836506
p.I122X,0.017834031
p.H123X,-0.078139255
p.C124X,-0.009356982
p.G129X,0.17804415
p.T131X,-0.085692128
p.M134X,0.035162426
p.I135X,-0.044352435
p.A137X,-0.095179444
p.H141X,0.039696892
p.K144X,-0.018886596
p.L146X,-0.071126799
p.L152X,-0.045249964
p.D153X,-0.034304238
p.Y155X,0.216119071
p.T160X,-0.004479953
p.K163X,-0.115200098
p.V166X,-0.037581945
p.T167X,0.058148409
p.I168X,0.045268673
p.S170X,0.146852789
p.V175X,-0.021246886
p.Y176X,-0.03920836
p.Y177X,0.512495836
p.Y178X,-0.004865322
p.L182X,0.331150549
p.N184X,0.005724672
p.D187X,0.049193612
p.Y188X,-0.051127128
p.E201X,0.048394218
p.M205X,0.284087778
p.F206X,-0.012284353
p.G209X,0.06018089
p.T210X,0.154432991
p.C211X,-0.062168646
p.N212X,0.205481428
p.F215X,0.082142817
p.V217X,0.01212799
p.V222X,-0.039737497
p.K223X,-0.006227132
p.I224X,0.164396964
p.S226X,-0.00057072
p.N228X,0.099023365
p.S229X,0.031064473
p.P231X,0.544204079
p.R233X,0.289904377
p.E235X,0.174778059
p.D236X,-0.004367886
p.P244X,0.170739368
p.F257X,0.219522765
p.F258X,0.023631585
p.K263X,0.064034786
p.L265X,0.381292394
p.M270X,0.07191892
p.F271X,0.024214951
p.N276X,0.002275086
p.T277X,-0.010498123
p.E285X,0.142532115
p.G293X,0.097541341
p.C296X,0.009492268
p.E299X,0.156953059
p.I303X,0.028636178
p.I306X,0.214313653
p.R308X,0.086831598
p.K313X,0.006985399
p.L318X,-0.073462094
p.K322X,0.174718997
p.N329X,0.181667758
p.K330X,0.214584236
p.D331X,0.07027513