hgvs_pro,Funk_transformed_enrich2
p.A129A,-0.964385662
p.A129C,-1.341004609
p.A129D,-1.134301353
p.A129E,-1.039937669
p.A129F,-1.556413527
p.A129G,-0.964698751
p.A129H,-0.725047432
p.A129I,-1.166729219
p.A129K,-1.218917634
p.A129L,-0.415356132
p.A129M,-0.871896586
p.A129N,-0.073855145
p.A129P,-0.885890768
p.A129Q,-1.306282898
p.A129R,-0.351752864
p.A129S,-1.106786676
p.A129T,-0.833575017
p.A129V,-1.104598648
p.A129W,-0.822160691
p.A129X,1.017725734
p.A129Y,-0.351503905
p.A138A,-0.97564711
p.A138C,0.813278464
p.A138D,0.576119647
p.A138E,0.775914644
p.A138F,0.658924466
p.A138G,-1.300568505
p.A138H,-0.774473306
p.A138I,1.003489268
p.A138K,-0.433111956
p.A138L,1.066970822
p.A138M,-0.335670168
p.A138N,-1.000374683
p.A138P,1.025286321
p.A138Q,-0.987962335
p.A138R,-0.973311426
p.A138S,-0.875769886
p.A138T,0.815163091
p.A138V,1.132505684
p.A138W,0.906230493
p.A138X,1.063637252
p.A138Y,0.37766361
p.A159A,-1.319389592
p.A159C,-0.370321151
p.A159D,0.90723316
p.A159E,1.079650772
p.A159F,0.937401517
p.A159G,0.843906464
p.A159H,1.095492462
p.A159I,1.035024071
p.A159K,1.068636544
p.A159L,1.110175918
p.A159M,0.9695774
p.A159N,0.9656712
p.A159P,1.061797903
p.A159Q,1.12495438
p.A159R,1.068530424
p.A159S,0.032014132
p.A159T,-1.039578376
p.A159V,0.989711779
p.A159W,0.849843933
p.A159X,1.014681259
p.A159Y,0.846818036
p.A161A,-1.274236235
p.A161C,-1.241390297
p.A161D,0.945058662
p.A161E,0.940867207
p.A161F,1.073600757
p.A161G,0.913102048
p.A161H,0.875832829
p.A161I,0.920698452
p.A161K,1.026674018
p.A161L,1.081708621
p.A161M,1.172697498
p.A161N,0.984563355
p.A161P,0.695168054
p.A161Q,1.119037004
p.A161R,1.107090761
p.A161S,0.960219137
p.A161T,1.023026547
p.A161V,0.665877691
p.A161W,1.112583731
p.A161X,0.961449377
p.A161Y,0.834830274
p.A189A,-1.072798287
p.A189C,-1.35959462
p.A189D,0.745368819
p.A189E,0.850819248
p.A189F,-0.074141838
p.A189G,0.752879328
p.A189H,-0.876389079
p.A189I,-0.947175809
p.A189K,1.075897905
p.A189L,0.466941834
p.A189M,-1.216374141
p.A189N,1.02073998
p.A189P,0.605012595
p.A189Q,0.380170983
p.A189R,0.848639533
p.A189S,-0.772904799
p.A189T,-0.901925742
p.A189V,-0.953588426
p.A189W,-0.042894697
p.A189X,0.979308141
p.A189Y,0.241910095
p.A276A,-0.940131663
p.A276C,0.534534734
p.A276D,-0.022883364
p.A276E,0.948550503
p.A276F,0.846126821
p.A276G,0.572134723
p.A276H,0.933508482
p.A276I,1.165422735
p.A276K,1.030605575
p.A276L,1.05634493
p.A276M,0.923050056
p.A276N,0.871002127
p.A276P,1.003701463
p.A276Q,0.934493163
p.A276R,1.051262412
p.A276S,-0.111399883
p.A276T,0.420401419
p.A276V,0.622813605
p.A276W,0.929662115
p.A276X,1.031786396
p.A276Y,0.970065429
p.A307P,-1.713557491
p.A307S,-1.069033059
p.A307T,-1.156803201
p.C135A,-0.311172307
p.C135C,-0.854810413
p.C135D,0.910344381
p.C135E,0.92143082
p.C135F,0.986516663
p.C135G,0.995346279
p.C135H,0.957089836
p.C135I,-0.239634986
p.C135K,0.921987074
p.C135L,1.029361446
p.C135M,1.019164307
p.C135N,1.009624345
p.C135P,1.098790246
p.C135Q,1.018954429
p.C135R,0.872700062
p.C135S,1.089692845
p.C135T,-0.08961159
p.C135V,-1.327269708
p.C135W,1.006078844
p.C135X,1.025140132
p.C135Y,0.960843224
p.C141A,-1.500695455
p.C141C,-1.13343017
p.C141D,1.022260485
p.C141E,1.035208496
p.C141F,0.970266848
p.C141G,1.08141125
p.C141H,1.098768233
p.C141I,-0.425428403
p.C141K,0.953303004
p.C141L,1.022454976
p.C141M,0.949437594
p.C141N,1.024788831
p.C141P,0.865437356
p.C141Q,1.041894753
p.C141R,1.080029401
p.C141S,0.847100166
p.C141T,-0.707190985
p.C141V,-2.363626284
p.C141W,0.983110326
p.C141X,0.972616385
p.C141Y,0.979163605
p.C176A,1.066249592
p.C176C,-1.726564092
p.C176D,1.196868182
p.C176E,1.063977618
p.C176F,0.980834945
p.C176G,0.920508917
p.C176H,1.022436809
p.C176I,0.813362397
p.C176K,0.842371742
p.C176L,0.931515279
p.C176M,1.023131737
p.C176N,0.990761532
p.C176P,0.929149789
p.C176Q,0.997296479
p.C176R,0.99130505
p.C176S,1.005480237
p.C176T,0.983857217
p.C176V,0.993812984
p.C176W,0.975233426
p.C176X,0.981630017
p.C176Y,0.985587576
p.C182A,-1.068037709
p.C182C,-1.575455385
p.C182D,-0.299157684
p.C182E,-1.130257836
p.C182F,-0.786772626
p.C182G,-1.372772996
p.C182H,-1.355805198
p.C182I,-1.098135489
p.C182K,-0.687292622
p.C182L,-0.850850082
p.C182M,-0.357638031
p.C182N,-0.730783244
p.C182P,0.463835429
p.C182Q,-1.69387593
p.C182R,-1.12146081
p.C182S,-0.843549976
p.C182T,-0.941244968
p.C182V,-0.705819602
p.C182W,-1.363685518
p.C182X,0.999193404
p.C182Y,-1.290555911
p.C229A,-0.592566887
p.C229C,-0.860880087
p.C229D,0.898891373
p.C229E,0.953781303
p.C229F,-0.226319568
p.C229G,0.876945896
p.C229H,-0.740519624
p.C229I,1.044054706
p.C229K,0.980452738
p.C229L,0.977765521
p.C229M,0.0368955
p.C229N,0.305333368
p.C229P,0.069429646
p.C229Q,0.498910701
p.C229R,0.706853046
p.C229S,-0.559037231
p.C229T,0.07263391
p.C229V,-0.341901426
p.C229W,-0.620188878
p.C229X,0.976930922
p.C229Y,-0.959769574
p.C238A,0.938923855
p.C238C,-0.949518028
p.C238D,1.005425376
p.C238E,1.062443104
p.C238F,0.963864403
p.C238G,1.02199471
p.C238H,1.0176407
p.C238I,1.028920272
p.C238K,1.043992543
p.C238L,0.985774962
p.C238M,1.068674344
p.C238N,1.018670457
p.C238P,0.991466915
p.C238Q,0.970064879
p.C238R,0.756686039
p.C238S,0.980676494
p.C238T,1.007017381
p.C238V,1.02657088
p.C238W,0.997486804
p.C238X,1.010207161
p.C238Y,0.87077727
p.C242A,0.997784434
p.C242C,-0.893321
p.C242D,0.93784388
p.C242E,1.046012569
p.C242F,0.980027086
p.C242G,0.991369493
p.C242H,1.028834026
p.C242I,1.056276
p.C242K,1.015589064
p.C242L,1.00605739
p.C242M,1.006381201
p.C242N,1.091532295
p.C242P,0.901025853
p.C242Q,1.030637701
p.C242R,0.845315523
p.C242S,0.957192359
p.C242T,1.066272979
p.C242V,1.038639417
p.C242W,0.9949369
p.C242X,0.99326058
p.C242Y,0.829631046
p.C275A,0.902062927
p.C275C,-1.197078651
p.C275D,0.952192731
p.C275E,1.162777951
p.C275F,0.549600308
p.C275G,0.717565935
p.C275H,1.072253684
p.C275I,1.070134911
p.C275K,1.116740527
p.C275L,1.087449888
p.C275M,1.040562507
p.C275N,1.038771879
p.C275P,0.935452809
p.C275Q,0.971293079
p.C275R,0.566613345
p.C275S,0.695300939
p.C275T,1.006507954
p.C275V,1.014615315
p.C275W,0.910262826
p.C275X,1.039963447
p.C275Y,0.969480656
p.C277A,0.263128748
p.C277C,-0.794551356
p.C277D,1.055252429
p.C277E,0.896766697
p.C277F,0.660776539
p.C277G,0.651200728
p.C277H,-0.667046498
p.C277I,0.811795156
p.C277K,-1.236164541
p.C277L,0.179952778
p.C277M,0.641496752
p.C277N,-0.073570924
p.C277P,1.126919264
p.C277Q,0.146401157
p.C277R,-0.816303048
p.C277S,-0.044431965
p.C277T,1.011243982
p.C277V,-0.077867898
p.C277W,-0.548815978
p.C277X,0.91206782
p.C277Y,0.811840228
p.D148A,-1.457109799
p.D148C,-0.562464818
p.D148D,-1.348742992
p.D148E,-1.302558613
p.D148F,0.941129308
p.D148G,-0.987461113
p.D148H,-1.193464841
p.D148I,0.161120157
p.D148K,-0.347908969
p.D148L,0.113882367
p.D148M,-0.195970001
p.D148N,-1.051280196
p.D148P,1.118062575
p.D148Q,-0.592996512
p.D148R,-2.587081556
p.D148S,-0.641078297
p.D148T,-2.287981197
p.D148V,-0.36830796
p.D148W,0.813228878
p.D148X,1.047402464
p.D148Y,0.354151437
p.D184A,-0.578949985
p.D184C,0.965103507
p.D184D,-0.896806531
p.D184E,-0.71344538
p.D184F,-0.948816863
p.D184G,-0.576667781
p.D184H,-0.896824662
p.D184I,-0.475529238
p.D184K,-0.78892431
p.D184L,-1.115018012
p.D184M,-0.800011263
p.D184N,-1.157581294
p.D184P,-0.541527188
p.D184Q,-0.799668811
p.D184R,-0.920601341
p.D184S,0.432489464
p.D184T,-0.81459627
p.D184V,-1.285933973
p.D184W,-1.760352196
p.D184X,0.996725145
p.D184Y,-1.188739608
p.D186A,-1.222864057
p.D186C,0.138326934
p.D186D,-1
p.D186E,-1.283649023
p.D186F,-1.304307037
p.D186G,-0.610994853
p.D186H,-1.075502987
p.D186I,-1.394606838
p.D186K,-2.069052894
p.D186L,-0.813993531
p.D186M,-0.990883686
p.D186N,-0.835381111
p.D186P,-1.100850473
p.D186Q,-1.342591421
p.D186R,-0.58638609
p.D186S,-1.717405772
p.D186T,-0.662454934
p.D186V,-1.356809054
p.D186W,-0.899076783
p.D186X,0.916770998
p.D186Y,-0.77152144
p.D207A,-0.659477002
p.D207C,-0.444146629
p.D207D,-1.238876717
p.D207E,-0.989664468
p.D207F,-1.28105452
p.D207G,0.053481181
p.D207H,-0.635244587
p.D207I,-0.808550115
p.D207K,-1.067390879
p.D207L,-1.918002969
p.D207M,-0.736003868
p.D207N,-0.593696581
p.D207P,0.96382287
p.D207Q,-1.028291898
p.D207R,-1.515925758
p.D207S,-1.429448464
p.D207T,-0.90590785
p.D207V,-1.007769489
p.D207W,-0.944463659
p.D207X,1.048641594
p.D207Y,-1.077478646
p.D208A,0.111091868
p.D208C,-0.967829568
p.D208D,-1.491334864
p.D208E,0.325909229
p.D208F,1.003500888
p.D208G,0.733369198
p.D208H,0.136429348
p.D208I,0.818560279
p.D208K,0.982191047
p.D208L,1.023884572
p.D208M,1.033852051
p.D208N,-0.949788082
p.D208P,0.998637844
p.D208Q,1.057735893
p.D208R,1.062535339
p.D208S,0.665566258
p.D208T,0.9448969
p.D208V,0.813285126
p.D208W,-1.122437482
p.D208X,0.959311725
p.D208Y,-0.503399182
p.D228A,-0.453218197
p.D228C,-0.860292001
p.D228D,-1.232331605
p.D228E,-0.702282085
p.D228F,-0.113235591
p.D228G,-0.814462107
p.D228H,-0.771842154
p.D228I,0.460758966
p.D228K,-0.685547266
p.D228L,-0.592986115
p.D228M,-0.281840505
p.D228N,-1.035704687
p.D228P,-0.917299449
p.D228Q,-0.256026236
p.D228R,-0.266439727
p.D228S,-1.091756154
p.D228T,-0.533436694
p.D228V,-0.578464716
p.D228W,0.009750445
p.D228X,0.988932969
p.D228Y,-0.46214706
p.D259A,0.846553193
p.D259C,0.976896793
p.D259D,-0.932478024
p.D259E,0.705646787
p.D259F,0.987805465
p.D259G,0.022550402
p.D259H,0.916558832
p.D259I,0.994147864
p.D259K,1.03374293
p.D259L,0.951679011
p.D259M,0.941910542
p.D259N,0.443732008
p.D259P,0.964526407
p.D259Q,1.014164429
p.D259R,1.042006542
p.D259S,-0.712403815
p.D259T,-0.271314282
p.D259V,0.945726757
p.D259W,0.977236498
p.D259X,1.025655832
p.D259Y,0.995138493
p.D281A,0.932286314
p.D281C,1.044169401
p.D281D,-1.016082324
p.D281E,0.230485755
p.D281F,0.948261989
p.D281G,0.568265372
p.D281H,0.871566708
p.D281I,0.976921439
p.D281K,0.909436684
p.D281L,0.8995479
p.D281M,0.847323847
p.D281N,0.876632984
p.D281P,0.95425304
p.D281Q,1.01925854
p.D281R,0.956268954
p.D281S,0.763592929
p.D281T,0.983348631
p.D281V,0.145232413
p.D281W,1.093789298
p.D281X,1.04900271
p.D281Y,0.246072989
p.E171A,-0.987176281
p.E171C,-0.432171168
p.E171D,-0.876491124
p.E171E,-1.451186863
p.E171F,1.009953279
p.E171G,0.848306251
p.E171H,-0.125854328
p.E171I,1.056663489
p.E171K,-0.903754739
p.E171L,1.051917557
p.E171M,0.8927675
p.E171N,0.691752982
p.E171P,0.883762851
p.E171Q,-1.381171009
p.E171R,0.75981675
p.E171S,-0.957384216
p.E171T,-0.556148056
p.E171V,0.67188422
p.E171W,1.069230361
p.E171X,0.960857556
p.E171Y,0.874599362
p.E180A,-0.166162626
p.E180C,0.308281907
p.E180D,0.874876651
p.E180E,-1.290913338
p.E180F,0.707482695
p.E180G,0.265839209
p.E180H,0.869888568
p.E180I,0.216379364
p.E180K,0.994694059
p.E180L,0.227751582
p.E180M,-0.933360006
p.E180N,0.745986224
p.E180P,1.036508289
p.E180Q,-0.048378891
p.E180R,0.743222835
p.E180S,-0.503769132
p.E180T,-0.095281649
p.E180V,0.044352318
p.E180W,0.734246288
p.E180X,0.964118382
p.E180Y,0.713201511
p.E198A,-1.131702285
p.E198C,-0.268994537
p.E198D,-0.385467423
p.E198E,-1.191459258
p.E198F,0.886410983
p.E198G,-0.492129485
p.E198H,-0.824433648
p.E198I,-0.158607548
p.E198K,-0.999790504
p.E198L,0.354421765
p.E198M,-0.542646401
p.E198N,-0.499068106
p.E198P,-0.635055685
p.E198Q,-0.991253395
p.E198R,-1.191918143
p.E198S,-0.902785808
p.E198T,-0.756173615
p.E198V,-0.473759418
p.E198W,0.871362476
p.E198X,0.90580319
p.E198Y,-0.053152418
p.E204A,-0.84517028
p.E204C,-1.217804444
p.E204D,-0.706775483
p.E204E,-1.190536373
p.E204F,0.527975012
p.E204G,0.587259669
p.E204H,-1.158052362
p.E204I,-0.849262356
p.E204K,-1.153131027
p.E204L,-1.392300843
p.E204M,-1.102500814
p.E204N,-1.177024547
p.E204P,0.980612584
p.E204Q,-0.818344995
p.E204R,-0.234140146
p.E204S,-1.125122129
p.E204T,-1.380733092
p.E204V,-1.073920035
p.E204W,0.015987793
p.E204X,0.819938075
p.E204Y,0.470781414
p.E221A,-0.476584413
p.E221C,-1.006144546
p.E221D,-0.958684431
p.E221E,-0.915165595
p.E221F,-0.805078785
p.E221G,0.728330559
p.E221H,-0.871474609
p.E221I,-1.868135044
p.E221K,-0.934084717
p.E221L,-0.850178489
p.E221M,-1.174366806
p.E221N,-1.381388096
p.E221P,0.921334771
p.E221Q,-0.960016098
p.E221R,-0.770487009
p.E221S,-1.087379515
p.E221T,-1.368825948
p.E221V,-0.922933685
p.E221W,0.599987872
p.E221X,0.152996968
p.E221Y,-0.901756021
p.E224A,0.855142819
p.E224C,1.063888786
p.E224D,0.771359815
p.E224E,1.021133101
p.E224F,1.126079269
p.E224G,0.025753844
p.E224H,0.928713445
p.E224I,1.048627954
p.E224K,-0.126896377
p.E224L,-0.788021133
p.E224M,-0.809118162
p.E224N,1.001023668
p.E224P,-1.577713416
p.E224Q,-1.252424416
p.E224R,0.489127385
p.E224S,-0.793922705
p.E224T,-1.007976522
p.E224V,0.74509995
p.E224W,0.761766833
p.E224X,0.992865237
p.E224Y,1.027813402
p.E258A,0.923644742
p.E258C,0.955955231
p.E258D,0.843139207
p.E258F,0.983738828
p.E258G,0.771674531
p.E258H,0.995339912
p.E258I,1.040846971
p.E258K,0.97317237
p.E258L,1.072655351
p.E258N,1.080187015
p.E258P,1.029737927
p.E258Q,0.967208415
p.E258R,1.076947008
p.E258S,1.040798705
p.E258T,1.061365751
p.E258V,0.9811482
p.E258X,0.971840531
p.E258Y,0.982649829
p.E271A,0.447455844
p.E271C,1.075399939
p.E271D,-0.864293369
p.E271E,-0.821630556
p.E271F,1.008530366
p.E271G,0.384941318
p.E271H,0.850055317
p.E271I,1.035018998
p.E271K,0.965930831
p.E271L,1.01409036
p.E271M,1.008080838
p.E271N,-0.354937216
p.E271P,1.022744176
p.E271Q,0.784255119
p.E271R,0.970864665
p.E271S,0.756157321
p.E271T,0.822714746
p.E271V,0.603508983
p.E271W,1.008017367
p.E271X,0.884601872
p.E271Y,1.022016539
p.E285A,-0.570375219
p.E285C,0.317006057
p.E285D,-0.249714756
p.E285E,-0.8464942
p.E285F,0.916918588
p.E285G,0.756083239
p.E285H,0.999486891
p.E285I,0.955438592
p.E285K,0.919620012
p.E285L,1.10814704
p.E285M,0.905431381
p.E285N,1.040058613
p.E285P,1.017110735
p.E285Q,-0.689066353
p.E285R,1.074287068
p.E285S,0.68443738
p.E285T,0.990686174
p.E285V,0.605830152
p.E285W,1.004299687
p.E285X,0.858723443
p.E285Y,1.083590472
p.E286A,0.477346378
p.E286C,0.916210586
p.E286D,0.625516081
p.E286E,-0.632388753
p.E286F,1.032260888
p.E286G,0.800216867
p.E286H,0.979841469
p.E286I,1.071814296
p.E286K,0.90511495
p.E286L,0.9352463
p.E286M,1.014323365
p.E286N,1.008438225
p.E286P,0.9557104
p.E286Q,0.775043234
p.E286R,1.037027605
p.E286S,0.995462511
p.E286T,0.929872364
p.E286V,0.379140255
p.E286W,1.007638769
p.E286X,0.820403967
p.E286Y,1.070715572
p.E287A,-1.03113517
p.E287C,-1.234126905
p.E287D,-0.911792112
p.E287E,-1.196232707
p.E287F,-0.973788514
p.E287G,-0.992696842
p.E287H,-1.132500204
p.E287I,-0.798767671
p.E287K,-0.532424775
p.E287L,-1.029105076
p.E287M,-1.019839033
p.E287N,-0.863716782
p.E287P,0.983273816
p.E287Q,-1.117131847
p.E287R,-0.30027158
p.E287S,-1.000346782
p.E287T,-0.971298219
p.E287V,-0.387319661
p.E287W,-0.562475046
p.E287X,0.672371909
p.E287Y,-0.983757886
p.E294A,-0.830031606
p.E294C,-0.588176233
p.E294D,-0.351708922
p.E294E,-1.106894155
p.E294F,-0.903453985
p.E294G,-0.964258646
p.E294H,-0.906698267
p.E294I,-1.478726179
p.E294K,-1.243270527
p.E294L,-1.161446158
p.E294M,-0.864153967
p.E294N,-0.698880136
p.E294P,-1.328793524
p.E294Q,-1.321798494
p.E294R,-0.84827659
p.E294S,-1.077712208
p.E294T,-1.202315767
p.E294V,-1.070045839
p.E294W,-1.238024604
p.E294X,0.854969249
p.E294Y,-1.241396215
p.E298A,-0.916473153
p.E298C,-1.073267663
p.E298D,-1.152634853
p.E298E,-1.575142757
p.E298F,-1.985471796
p.E298G,-0.867609235
p.E298H,-1.480134166
p.E298I,-1.03753811
p.E298K,-0.515760795
p.E298L,-1.137421485
p.E298M,-1.294265791
p.E298N,-1.015412299
p.E298P,-1.097848964
p.E298Q,-0.325500483
p.E298R,-1.188630828
p.E298S,-0.793603626
p.E298T,-1.185589541
p.E298V,-0.939303256
p.E298W,-0.949216451
p.E298X,0.752118812
p.E298Y,-1.092562448
p.F134A,0.905994508
p.F134C,1.126175721
p.F134D,1.068749571
p.F134E,0.934908698
p.F134F,-1.115307617
p.F134G,0.93127191
p.F134H,0.978507967
p.F134I,1.003690546
p.F134K,1.202631846
p.F134L,0.970025642
p.F134M,1.088037616
p.F134N,1.017834382
p.F134P,0.989488526
p.F134Q,0.928604942
p.F134R,1.128831601
p.F134S,0.941933354
p.F134T,0.886659054
p.F134V,1.072865694
p.F134W,1.071534672
p.F134X,1.08994714
p.F134Y,-0.567802473
p.F212A,-0.85091759
p.F212C,-1.091927896
p.F212D,-0.598870157
p.F212E,-0.818829612
p.F212F,-1.200596847
p.F212G,-0.714418097
p.F212H,-1.162267068
p.F212I,1.130701244
p.F212K,-0.555149817
p.F212L,-1.077880398
p.F212M,-1.685196613
p.F212N,-0.775846636
p.F212P,0.3121848
p.F212Q,-1.277202271
p.F212R,-0.79848853
p.F212S,-1.083669502
p.F212T,-0.973481187
p.F212V,0.793950214
p.F212W,-1.055303905
p.F212X,1.006638749
p.F212Y,-1.184850244
p.F270A,1.087141646
p.F270C,-0.012942876
p.F270D,1.005950072
p.F270E,1.069640657
p.F270F,-0.924085823
p.F270G,0.888584697
p.F270H,1.014861512
p.F270I,0.668873836
p.F270K,0.991049972
p.F270L,0.645931822
p.F270M,0.937851306
p.F270N,0.948231777
p.F270P,1.048988795
p.F270Q,1.091068144
p.F270R,1.044736964
p.F270S,0.952392383
p.F270T,1.014505245
p.F270V,-0.039429132
p.F270W,0.899480837
p.F270X,1.003348476
p.F270Y,-0.731868482
p.G154A,0.396691736
p.G154C,0.248177009
p.G154D,-0.436190357
p.G154E,-0.223638995
p.G154F,0.380726967
p.G154G,-1.240213291
p.G154H,-0.830128121
p.G154I,1.064713905
p.G154K,0.40658243
p.G154L,0.435041385
p.G154M,-0.139549978
p.G154N,-1.680580332
p.G154P,0.814985508
p.G154Q,0.329759376
p.G154R,0.400480547
p.G154S,-0.004898413
p.G154T,0.677367335
p.G154V,0.953139642
p.G154W,0.815311658
p.G154X,0.983684493
p.G154Y,0.594124197
p.G187A,0.951305333
p.G187C,0.818146842
p.G187D,0.377403814
p.G187E,0.835878655
p.G187G,-0.956859165
p.G187R,1.061914736
p.G187S,1.067778231
p.G187V,0.894377402
p.G199A,-0.861886687
p.G199C,0.346662512
p.G199D,0.679391839
p.G199E,0.927131571
p.G199F,0.929879529
p.G199G,-0.195811276
p.G199H,-0.386824982
p.G199I,1.055725205
p.G199K,-0.750010057
p.G199L,1.024999174
p.G199M,0.97728814
p.G199N,-0.232072595
p.G199P,0.940975446
p.G199Q,-0.151241645
p.G199R,-1.153276694
p.G199S,-1.120359934
p.G199T,0.571231178
p.G199V,0.709589883
p.G199W,0.98835573
p.G199X,0.815298256
p.G199Y,0.939282284
p.G226A,-0.822806172
p.G226C,0.032140115
p.G226D,-0.996493125
p.G226E,-1.202887599
p.G226F,-0.89769745
p.G226G,-1.335843367
p.G226H,-1.163981632
p.G226I,-0.572049887
p.G226K,-0.66419827
p.G226L,-1.028142911
p.G226M,-1.068822454
p.G226N,-0.591880873
p.G226P,-1.507384769
p.G226Q,-1.07412823
p.G226R,-0.341026476
p.G226S,-1.208663009
p.G226T,-0.895431718
p.G226V,-0.954455716
p.G226W,-0.173240291
p.G226X,1.029989233
p.G226Y,-0.608557182
p.G244A,0.966554836
p.G244C,0.930108449
p.G244D,0.979628705
p.G244E,1.022137738
p.G244F,1.011028854
p.G244G,-0.889838797
p.G244H,1.026627561
p.G244I,1.016474693
p.G244K,1.028796576
p.G244L,0.98448824
p.G244M,0.97301137
p.G244N,0.996785143
p.G244P,1.019410747
p.G244Q,0.968765974
p.G244R,0.96545989
p.G244S,0.875061836
p.G244T,1.016070384
p.G244V,0.929611117
p.G244W,1.003608619
p.G244X,1.016029492
p.G244Y,0.944723696
p.G245A,1.014106055
p.G245C,0.965869732
p.G245D,0.957427495
p.G245E,0.997536932
p.G245F,1.044103131
p.G245G,-1.019790464
p.G245H,0.953278673
p.G245I,1.058722734
p.G245K,1.029160651
p.G245L,0.908716297
p.G245M,0.980578863
p.G245N,1.005567929
p.G245P,1.010912725
p.G245Q,1.037771221
p.G245R,0.953866814
p.G245S,0.894842808
p.G245T,1.029877175
p.G245V,0.924158136
p.G245W,1.004127175
p.G245X,1.00360537
p.G245Y,0.993723943
p.G262A,0.446168512
p.G262C,-0.596576049
p.G262D,0.681142145
p.G262E,0.874587301
p.G262F,0.872885485
p.G262G,-0.890051924
p.G262H,0.551605471
p.G262I,0.994382166
p.G262K,1.021436976
p.G262L,1.022875892
p.G262M,0.811478434
p.G262N,-0.310678603
p.G262P,0.929710059
p.G262Q,0.607497585
p.G262R,0.670698046
p.G262S,0.25906897
p.G262T,1.08763019
p.G262V,0.168684826
p.G262W,1.025297949
p.G262X,0.975411476
p.G262Y,0.854645894
p.G266A,-0.626326278
p.G266C,1.124565978
p.G266D,1.04991245
p.G266E,0.844364434
p.G266F,1.158768734
p.G266G,-1.016925136
p.G266H,1.033156947
p.G266I,0.931694393
p.G266K,0.987703185
p.G266L,0.965278822
p.G266M,1.022913984
p.G266N,0.910962931
p.G266P,1.054544932
p.G266Q,0.954599185
p.G266R,0.892615933
p.G266S,0.981980482
p.G266T,0.940178274
p.G266V,0.082007674
p.G266W,1.053218104
p.G266X,0.552195168
p.G266Y,1.036854592
p.G279A,0.125445402
p.G279C,1.13802731
p.G279D,0.797904632
p.G279E,0.636052043
p.G279F,1.14139191
p.G279G,-0.859597203
p.G279H,0.202402534
p.G279I,0.354384549
p.G279K,-1.066521346
p.G279L,0.62830031
p.G279M,0.538069207
p.G279N,0.206565802
p.G279P,0.823061003
p.G279Q,0.011729831
p.G279R,-0.399260783
p.G279S,0.011325211
p.G279T,-0.262142583
p.G279V,-0.52588007
p.G279W,-0.428157371
p.G279X,0.972970016
p.G279Y,1.20615733
p.G293A,-0.717480463
p.G293C,-1.183473442
p.G293D,-0.228600437
p.G293E,-0.856788982
p.G293F,-1.096379432
p.G293G,-0.887620586
p.G293H,-0.814249635
p.G293I,-1.365126402
p.G293K,-0.471843039
p.G293L,-0.153194
p.G293M,-0.517016978
p.G293N,-0.554809693
p.G293P,-0.793194786
p.G293Q,-1.484190709
p.G293R,-0.764435727
p.G293S,-0.8655583
p.G293T,-1.936836738
p.G293V,-0.987201325
p.G293W,-0.620125577
p.G293X,1.008256173
p.G293Y,-0.78008671
p.G302A,-0.762430718
p.G302C,0.314792747
p.G302D,-2.518025966
p.G302E,-1.097132532
p.G302F,-0.653236556
p.G302G,-0.93680586
p.G302H,-1.614700303
p.G302I,-1.021244643
p.G302K,-1.158737229
p.G302L,-1.247345774
p.G302M,-1.788804738
p.G302N,-0.870849648
p.G302P,-0.896838038
p.G302Q,-1.168167796
p.G302R,-0.959570966
p.G302S,-1.42817941
p.G302T,-1.120985183
p.G302V,-1.077748093
p.G302W,-0.954748289
p.G302X,0.973093647
p.G302Y,-0.95193834
p.G60X,1.020248173
p.H168A,0.279451902
p.H168C,-0.180686262
p.H168D,0.770524982
p.H168E,0.834095682
p.H168F,-0.494780736
p.H168G,0.875488612
p.H168H,-0.994936947
p.H168I,0.99903428
p.H168K,1.1368276
p.H168L,1.015607529
p.H168M,0.892309935
p.H168N,0.673275389
p.H168P,0.932676524
p.H168Q,0.950348205
p.H168R,1.00430867
p.H168S,-0.856353586
p.H168T,0.993748348
p.H168V,0.837384194
p.H168W,-0.284295992
p.H168X,0.996359121
p.H168Y,-0.958636047
p.H178A,0.858260257
p.H178C,0.239504676
p.H178D,0.947012077
p.H178E,1.004887552
p.H178F,-0.958030498
p.H178G,1.064865618
p.H178H,-1.880503524
p.H178I,0.485627269
p.H178K,0.884113976
p.H178L,-0.346671519
p.H178M,0.389881164
p.H178N,0.410074109
p.H178P,0.886043904
p.H178Q,0.911977708
p.H178R,0.792962046
p.H178S,1.004676741
p.H178T,0.678236022
p.H178V,-1.11534539
p.H178W,-1.262565132
p.H178X,1.036989633
p.H178Y,-1.071459122
p.H179A,0.936931167
p.H179C,0.9786999
p.H179D,1.006818716
p.H179E,0.937638742
p.H179F,0.973067521
p.H179G,1.018802565
p.H179H,-0.588819551
p.H179I,1.104544235
p.H179K,0.88793691
p.H179L,0.921699321
p.H179M,0.952520834
p.H179N,0.937075991
p.H179P,0.980883243
p.H179Q,0.958155364
p.H179R,0.857167297
p.H179S,1.194612744
p.H179T,1.024573013
p.H179V,1.131178219
p.H179W,0.901308138
p.H179X,1.029762618
p.H179Y,1.034815485
p.H193A,0.575314182
p.H193C,1.052856386
p.H193D,1.015457867
p.H193E,0.941708378
p.H193F,0.975329249
p.H193G,1.030794038
p.H193H,-1.2286773
p.H193I,0.979915439
p.H193K,0.790661763
p.H193L,0.948484523
p.H193M,0.815926904
p.H193N,0.551371473
p.H193P,0.96880045
p.H193Q,0.762436377
p.H193R,0.878619278
p.H193S,1.065510103
p.H193T,0.92295343
p.H193V,1.095637502
p.H193W,1.042840721
p.H193X,1.060951367
p.H193Y,0.910941535
p.H214A,0.993220686
p.H214C,1.010341556
p.H214D,0.954069594
p.H214E,0.924708464
p.H214F,0.857835812
p.H214G,1.093341522
p.H214H,-0.98212984
p.H214I,0.856708929
p.H214K,1.066843916
p.H214L,0.67660324
p.H214M,-0.310146295
p.H214N,0.035182336
p.H214P,0.306452811
p.H214Q,-0.9653183
p.H214R,0.940369729
p.H214S,0.493478512
p.H214T,1.070584933
p.H214V,0.940238341
p.H214W,1.040514757
p.H214X,1.005395524
p.H214Y,0.843594748
p.H233A,-0.929294352
p.H233C,-1.06508166
p.H233D,1.003480448
p.H233E,1.033970263
p.H233F,-1.935333605
p.H233G,0.303880076
p.H233H,-1.028224631
p.H233I,0.318738719
p.H233K,0.786535797
p.H233L,-1.027476398
p.H233M,-1.468352098
p.H233N,-0.202775388
p.H233P,-0.70186304
p.H233Q,0.51601541
p.H233R,-0.920405192
p.H233S,-0.460554417
p.H233T,-0.302164966
p.H233V,-0.310905895
p.H233W,-0.667380694
p.H233X,1.053744202
p.H233Y,-1.123444034
p.H296A,-1.190110586
p.H296C,-1.125733092
p.H296D,-1.265669345
p.H296E,-0.235355757
p.H296F,-0.857492961
p.H296G,-0.968804902
p.H296H,-1.156671003
p.H296I,-1.253199022
p.H296K,-0.694442239
p.H296L,-1.129457008
p.H296M,-0.985097487
p.H296N,-0.659588038
p.H296P,-1.092487363
p.H296Q,-1.07257354
p.H296R,-1.040944852
p.H296S,-1.101313514
p.H296T,-1.153807966
p.H296V,-0.730886652
p.H296W,-0.786105341
p.H296X,1.065496566
p.H296Y,-0.835785291
p.H297A,-0.707939985
p.H297C,-0.906154129
p.H297D,-1.169143484
p.H297E,-0.780868109
p.H297F,-0.635115072
p.H297G,-1.150376368
p.H297H,-1.033932684
p.H297I,0.062695111
p.H297K,-1.184438712
p.H297L,-0.979253889
p.H297M,-1.304348017
p.H297N,-0.906179431
p.H297P,-0.970580983
p.H297Q,-0.63211828
p.H297R,-1.208643747
p.H297S,-1.47205727
p.H297T,-1.443917312
p.H297V,-0.628562767
p.H297W,-1.010917088
p.H297X,0.977084942
p.H297Y,-0.947368908
p.I162A,0.999796763
p.I162C,-0.857334133
p.I162D,1.007266169
p.I162E,1.002020966
p.I162F,0.934169539
p.I162G,0.835835499
p.I162H,0.879817504
p.I162I,-1.395234798
p.I162K,1.001417704
p.I162L,-0.92511883
p.I162M,-1.260063485
p.I162N,0.984271971
p.I162P,1.136053703
p.I162Q,0.962902231
p.I162R,0.250284712
p.I162S,1.123985847
p.I162T,0.871445359
p.I162V,-0.742782383
p.I162W,0.961260036
p.I162X,0.967336089
p.I162Y,1.159221493
p.I195A,0.931835757
p.I195C,1.017411644
p.I195D,1.002070692
p.I195E,0.982813483
p.I195F,0.994791988
p.I195G,0.965680102
p.I195H,0.916662791
p.I195I,-1.1877636
p.I195K,0.942639642
p.I195L,-1.099127275
p.I195M,-0.645456117
p.I195N,0.816059082
p.I195P,1.095469393
p.I195Q,1.027891649
p.I195R,1.036582528
p.I195S,1.076843622
p.I195T,0.8851038
p.I195V,-0.279479188
p.I195W,0.99444677
p.I195X,1.02996969
p.I195Y,0.962701327
p.I232A,0.98440393
p.I232C,0.980017647
p.I232D,1.089502678
p.I232E,0.96236379
p.I232F,0.975417665
p.I232G,0.943665359
p.I232H,0.995764172
p.I232I,-0.994148436
p.I232K,0.974690121
p.I232L,-0.496562391
p.I232M,0.726430432
p.I232N,0.885522902
p.I232P,0.949090067
p.I232Q,1.040444016
p.I232R,1.074784289
p.I232S,0.920677752
p.I232T,0.728543983
p.I232V,-1.217026429
p.I232W,0.971845134
p.I232X,0.980731635
p.I232Y,0.946219491
p.I251A,1.040906426
p.I251C,1.058382428
p.I251D,0.911910411
p.I251E,1.000576253
p.I251F,0.935145133
p.I251G,1.068404188
p.I251H,1.078268763
p.I251I,-0.62378752
p.I251K,1.011543587
p.I251L,1.010240951
p.I251M,0.831364955
p.I251N,0.944756756
p.I251P,1.023337146
p.I251Q,0.968594332
p.I251R,1.092061463
p.I251S,0.981020844
p.I251T,0.799716866
p.I251V,0.198093912
p.I251W,0.909252224
p.I251X,0.972196164
p.I251Y,1.034099925
p.I254A,0.938632201
p.I254C,0.975071124
p.I254D,0.944245194
p.I254E,0.991957627
p.I254F,0.916799646
p.I254G,1.040281205
p.I254H,0.96615724
p.I254I,-0.929162557
p.I254K,1.059730324
p.I254L,-1.105278826
p.I254M,0.833923405
p.I254N,0.895132892
p.I254P,0.957320306
p.I254Q,1.122273989
p.I254R,0.994723967
p.I254S,0.964633176
p.I254T,0.668692018
p.I254V,-0.939582809
p.I254W,0.981676447
p.I254X,1.014927634
p.I254Y,0.996066129
p.I255A,1.053169722
p.I255C,0.998704775
p.I255D,1.003419035
p.I255E,1.047085913
p.I255F,0.976891413
p.I255G,1.001154349
p.I255H,1.03028858
p.I255I,-0.457037625
p.I255K,1.047420052
p.I255L,-0.357259938
p.I255M,0.575686192
p.I255N,0.944653741
p.I255P,0.969934456
p.I255Q,1.080582796
p.I255R,0.97305525
p.I255S,0.984771343
p.I255T,0.697992786
p.I255V,-0.987444159
p.I255W,0.958223851
p.I255X,1.020115331
p.I255Y,0.974427879
p.K132A,0.975836437
p.K132C,1.034990416
p.K132D,0.929463347
p.K132E,1.006412277
p.K132F,0.893789034
p.K132G,1.199494936
p.K132H,1.075309937
p.K132I,1.001505838
p.K132K,-0.822919917
p.K132L,0.964491776
p.K132M,0.994885047
p.K132N,0.972067081
p.K132P,1.027785515
p.K132Q,1.046667564
p.K132R,0.929481737
p.K132S,0.968250667
p.K132T,0.805034639
p.K132V,1.080328092
p.K132W,1.153560352
p.K132X,1.018503015
p.K132Y,0.99083684
p.K139A,0.005829853
p.K139C,0.769572641
p.K139D,0.897119553
p.K139E,0.945858063
p.K139F,1.023190305
p.K139G,0.181591772
p.K139H,0.516244049
p.K139I,1.078003043
p.K139K,-0.961286438
p.K139L,1.03399426
p.K139M,0.682241436
p.K139N,0.910259953
p.K139P,1.043971644
p.K139Q,0.47298332
p.K139R,-1.045841945
p.K139S,0.312285774
p.K139T,0.279626444
p.K139V,0.656463218
p.K139W,1.105881102
p.K139X,0.98292617
p.K139Y,0.944984333
p.K164A,-0.254475655
p.K164C,0.48649755
p.K164D,1.127345778
p.K164E,0.988873829
p.K164F,0.884166294
p.K164G,1.045260765
p.K164H,1.129365133
p.K164I,0.8982511
p.K164K,-1.318386325
p.K164L,0.797488488
p.K164M,0.725376267
p.K164N,0.821909859
p.K164P,0.91933888
p.K164Q,0.897925498
p.K164R,-0.655440778
p.K164S,0.198244028
p.K164T,0.277603259
p.K164V,0.811643775
p.K164W,0.958370365
p.K164X,1.030200779
p.K164Y,0.988233638
p.K291A,-0.71351177
p.K291C,-0.538442935
p.K291D,0.133119914
p.K291E,-0.223689881
p.K291F,-0.527732732
p.K291G,-0.503592446
p.K291H,-0.868112669
p.K291I,-0.435887423
p.K291K,-1.124544325
p.K291L,-0.858185412
p.K291M,-0.560473903
p.K291N,-0.609681106
p.K291P,-0.366309134
p.K291Q,-0.780323468
p.K291R,-1.123286958
p.K291S,-1.248198823
p.K291T,-0.79924838
p.K291V,-0.617373696
p.K291W,-0.598072796
p.K291X,0.936238311
p.K291Y,-0.478427389
p.K292A,-0.376962413
p.K292C,-0.994930374
p.K292D,-0.402784911
p.K292E,-0.389835494
p.K292F,-0.454916564
p.K292G,-0.583015759
p.K292H,-0.687486134
p.K292I,-1.066421536
p.K292K,-0.981248563
p.K292L,-1.278643268
p.K292M,-1.16570224
p.K292N,-0.761895964
p.K292P,-0.124393049
p.K292Q,-1.409197494
p.K292R,-1.066853358
p.K292S,-0.989041791
p.K292T,-0.827093613
p.K292V,-0.766521847
p.K292W,-0.372537725
p.K292X,0.977050642
p.K292Y,-0.458611321
p.K305A,-0.996101562
p.K305C,-0.761751627
p.K305D,-0.662698901
p.K305E,-0.766199819
p.K305F,-0.407713337
p.K305G,-1.007462734
p.K305H,-0.681830598
p.K305I,-0.618665858
p.K305K,-0.918156872
p.K305L,-0.680750491
p.K305M,-0.635080958
p.K305N,-0.725279473
p.K305P,-0.832510625
p.K305Q,-1.030573136
p.K305R,-0.884405394
p.K305S,-0.768389723
p.K305T,-1.153216874
p.K305V,0.102154578
p.K305W,-0.48406055
p.K305X,0.990773652
p.K305Y,-0.551219538
p.L130A,1.02112769
p.L130C,1.04947802
p.L130D,1.008249257
p.L130E,0.960722062
p.L130F,0.933406999
p.L130G,1.241254896
p.L130H,0.611580241
p.L130I,0.67531697
p.L130K,1.048770576
p.L130L,-0.94140077
p.L130M,-0.055103933
p.L130N,0.899895452
p.L130P,0.95166644
p.L130Q,0.888829136
p.L130R,0.990931778
p.L130S,0.940088732
p.L130T,0.924078407
p.L130V,0.893337116
p.L130W,0.977574307
p.L130X,0.974076028
p.L130Y,1.463817624
p.L137A,-3.126033295
p.L137C,-0.797426494
p.L137D,0.982204641
p.L137E,1.105076176
p.L137F,-0.202739974
p.L137G,1.11076504
p.L137H,0.588294708
p.L137I,-0.662534685
p.L137K,-0.266605598
p.L137L,-1.121653678
p.L137M,-0.67605801
p.L137N,0.766620844
p.L137P,-0.460156707
p.L137Q,0.954986773
p.L137R,-0.174146346
p.L137S,-1.458610498
p.L137T,-0.225866429
p.L137V,0.094950801
p.L137W,0.755148017
p.L137X,0.981679126
p.L137Y,0.333382573
p.L145A,1.201783169
p.L145C,0.036954416
p.L145D,1.16105549
p.L145E,1.001281416
p.L145F,0.729012804
p.L145G,1.030118901
p.L145H,1.020578825
p.L145I,-1.533740795
p.L145K,0.921003843
p.L145L,-0.8380802
p.L145M,-1.43680414
p.L145N,0.930485291
p.L145P,0.906384485
p.L145Q,0.982798084
p.L145R,1.059210975
p.L145S,1.029466125
p.L145T,1.044120299
p.L145V,-0.802871927
p.L145W,1.039117743
p.L145X,0.938779157
p.L145Y,0.740304172
p.L188A,-0.499843647
p.L188C,-0.838605223
p.L188D,-0.656962363
p.L188E,0.32714669
p.L188F,-0.825093608
p.L188G,-0.988606714
p.L188H,-1.513422682
p.L188I,-1.016877147
p.L188K,0.95609117
p.L188L,-0.682290935
p.L188M,-1.064857411
p.L188N,-0.511318214
p.L188P,-0.95309269
p.L188Q,-1.052027259
p.L188R,-0.84414146
p.L188S,-1.162207292
p.L188T,-0.267314833
p.L188V,-1.131047158
p.L188W,-0.978637289
p.L188X,0.959873328
p.L188Y,-0.420533565
p.L194A,1.086264055
p.L194C,1.024123593
p.L194D,1.100828581
p.L194E,0.930519936
p.L194F,0.927021643
p.L194G,0.999862747
p.L194H,0.724824566
p.L194I,-1.144015803
p.L194K,1.105709353
p.L194L,-0.878839652
p.L194M,0.324397527
p.L194N,0.894898585
p.L194P,0.869626749
p.L194Q,1.011511321
p.L194R,1.028032897
p.L194S,1.09742224
p.L194T,0.961052022
p.L194V,-0.613161125
p.L194W,0.904064383
p.L194X,1.114199801
p.L194Y,1.065343998
p.L201A,-0.685368792
p.L201C,-0.788718794
p.L201D,-0.706594819
p.L201E,-0.562829983
p.L201F,-0.960328075
p.L201G,-1.176432812
p.L201H,-1.286886609
p.L201I,-0.552375172
p.L201K,-1.470474933
p.L201L,-1.13846958
p.L201M,-1.33338497
p.L201N,-0.561474502
p.L201P,-0.952147921
p.L201Q,0.005055153
p.L201R,-0.989124301
p.L201S,-0.880728891
p.L201T,-1.329385512
p.L201V,-1.279308217
p.L201W,-1.179023608
p.L201X,0.920171482
p.L201Y,-1.09381569
p.L206A,-0.731706346
p.L206C,-0.398953214
p.L206D,-1.231235749
p.L206E,-1.039477513
p.L206F,-1.278662091
p.L206G,-0.815978601
p.L206H,-1.020710248
p.L206I,-1.151993289
p.L206K,-0.510789219
p.L206L,-0.885405497
p.L206M,-1.372587039
p.L206N,-1.322258682
p.L206P,0.878939285
p.L206Q,-0.403403105
p.L206R,0.190172278
p.L206S,-1.15134078
p.L206T,-1.206148954
p.L206V,-1.486373718
p.L206W,-0.999171675
p.L206X,1.008145972
p.L206Y,-1.080339423
p.L21X,1.043543359
p.L252A,0.345175969
p.L252C,-0.514936077
p.L252D,0.771873588
p.L252E,0.568043352
p.L252F,-0.730716945
p.L252G,0.943207755
p.L252H,0.661771644
p.L252I,-1.455131258
p.L252K,-0.481998088
p.L252L,-0.923357126
p.L252M,-0.793090444
p.L252N,-0.528277002
p.L252P,0.739864345
p.L252Q,-0.558685357
p.L252R,-0.193859738
p.L252S,0.264598804
p.L252T,-0.820802318
p.L252V,-0.99809834
p.L252W,-0.66100984
p.L252X,1.027362796
p.L252Y,-1.504121511
p.L257A,1.005217008
p.L257C,0.981326922
p.L257D,0.976157604
p.L257E,0.984563291
p.L257F,1.003730692
p.L257G,1.015868932
p.L257H,1.046483994
p.L257I,-0.361013675
p.L257K,1.124412397
p.L257L,-0.974153663
p.L257M,-0.894487377
p.L257N,0.989450729
p.L257P,0.992150632
p.L257Q,0.86196166
p.L257R,0.955394587
p.L257S,0.949467729
p.L257T,1.091273737
p.L257V,0.954483064
p.L257W,1.065075578
p.L257X,0.958535889
p.L257Y,1.024505258
p.L264A,-1.112962868
p.L264C,-0.856649751
p.L264D,0.775167905
p.L264E,0.55746177
p.L264F,0.683180523
p.L264G,1.059629317
p.L264H,-0.594804947
p.L264I,-0.805510555
p.L264K,0.814995351
p.L264L,-1.098559341
p.L264M,-0.998336801
p.L264N,0.478860507
p.L264P,-0.922231043
p.L264Q,-0.417964607
p.L264R,0.78261865
p.L264S,0.257488912
p.L264T,-1.56470561
p.L264V,-1.01874564
p.L264W,0.977010441
p.L264X,1.003547734
p.L264Y,0.741859817
p.L265A,1.044091968
p.L265C,1.045501891
p.L265D,1.011839892
p.L265E,1.073398516
p.L265F,0.74863771
p.L265G,1.029359117
p.L265H,0.912169594
p.L265I,-0.663958416
p.L265K,0.958133906
p.L265L,-1.053524944
p.L265M,-0.94346496
p.L265N,0.791764227
p.L265P,0.936338924
p.L265Q,0.633212304
p.L265R,0.75655782
p.L265S,1.10668374
p.L265T,0.997861304
p.L265V,0.05784863
p.L265W,1.151336694
p.L265X,1.071616108
p.L265Y,0.282541748
p.L289A,-0.791341364
p.L289C,-0.905607551
p.L289D,-0.420990188
p.L289E,-1.038629145
p.L289F,-1.089644585
p.L289G,-0.65124209
p.L289H,-0.93593805
p.L289I,-0.71530222
p.L289K,-1.063964001
p.L289L,-1.228847185
p.L289M,-1.325895384
p.L289N,-1.090031714
p.L289P,-0.047342876
p.L289Q,-1.165128583
p.L289R,-0.910903154
p.L289S,-1.177797628
p.L289T,-1.238052543
p.L289V,-1.051144701
p.L289W,-0.69824485
p.L289X,1.007188158
p.L289Y,-0.760256067
p.L299A,-1.220584726
p.L299C,-0.638072705
p.L299D,-2.050787224
p.L299E,-0.956682434
p.L299F,-0.95052701
p.L299G,-1.020620296
p.L299H,-0.818252271
p.L299I,-1.295688757
p.L299K,-1.322449365
p.L299L,-0.965487178
p.L299M,-0.696875198
p.L299N,-0.675213488
p.L299P,-1.017045656
p.L299Q,-1.266894619
p.L299R,-0.894570201
p.L299S,-0.852311103
p.L299T,-0.136362618
p.L299V,-1.49554629
p.L299W,-0.765940838
p.L299X,0.950650133
p.L299Y,-0.944559974
p.M133A,1.013775541
p.M133C,0.939613945
p.M133D,0.877196812
p.M133E,0.946254014
p.M133F,1.16698046
p.M133G,1.183743827
p.M133H,1.067398229
p.M133I,-0.942307266
p.M133K,0.974990918
p.M133L,-1.543468822
p.M133N,0.881664469
p.M133P,0.987674894
p.M133Q,1.104798439
p.M133R,1.000227198
p.M133S,0.991365729
p.M133T,1.024249995
p.M133V,-1.174835314
p.M133W,0.836123638
p.M133X,0.999058978
p.M133Y,0.58177192
p.M160A,0.911060066
p.M160C,-0.795800758
p.M160D,0.930514116
p.M160E,0.61565167
p.M160F,0.675506599
p.M160G,0.953653794
p.M160H,0.983905202
p.M160I,-0.655583578
p.M160K,1.001648837
p.M160L,-0.788670461
p.M160N,1.011294154
p.M160P,0.953294437
p.M160Q,-1.361217298
p.M160R,0.328205435
p.M160S,0.88375321
p.M160T,-0.582960958
p.M160V,-0.839298408
p.M160W,0.959161277
p.M160X,0.987068715
p.M160Y,0.74937342
p.M169A,-2.303626492
p.M169C,-0.247717942
p.M169D,1.096181153
p.M169E,-0.936888056
p.M169F,-0.50750966
p.M169G,-1.467680376
p.M169H,-0.671336896
p.M169I,-0.985052772
p.M169K,-0.405722724
p.M169L,-0.637898214
p.M169N,-0.320569841
p.M169P,0.81548798
p.M169Q,-1.61994027
p.M169R,-0.617909135
p.M169S,-2.681290847
p.M169T,-1.273694231
p.M169V,-0.556322779
p.M169W,-0.596394011
p.M169X,0.980641316
p.M169Y,-1.325832875
p.M237A,-0.783956234
p.M237C,0.858640165
p.M237D,0.979587212
p.M237E,0.970551072
p.M237F,0.984270727
p.M237G,-0.957862773
p.M237H,1.009739631
p.M237I,0.976255313
p.M237K,0.952421216
p.M237L,0.871438065
p.M237N,0.422392874
p.M237P,1.026892888
p.M237Q,0.292916511
p.M237R,0.881426515
p.M237S,0.799003749
p.M237T,0.558430591
p.M237V,0.772187548
p.M237W,0.261063222
p.M237X,1.018152377
p.M237Y,1.033318442
p.M243A,-0.091448446
p.M243C,0.710184807
p.M243D,0.984149922
p.M243E,0.869192086
p.M243F,0.888561485
p.M243G,0.931345756
p.M243H,0.846963443
p.M243I,-0.119909909
p.M243K,-1.103285824
p.M243L,-0.821263981
p.M243N,0.793613468
p.M243P,-0.411931978
p.M243Q,-0.853451297
p.M243R,-0.731361815
p.M243S,0.79840424
p.M243T,0.763079731
p.M243V,-0.203116826
p.M243W,0.865954023
p.M243X,0.986190288
p.M243Y,0.959425329
p.M246A,0.93392157
p.M246C,0.982765783
p.M246D,0.892689046
p.M246E,1.021609612
p.M246F,1.04502643
p.M246G,0.951620745
p.M246H,0.996732016
p.M246I,0.845423881
p.M246K,0.668293665
p.M246L,0.805138412
p.M246N,1.020438126
p.M246P,0.925849922
p.M246Q,0.995465441
p.M246R,0.864843128
p.M246S,1.027724896
p.M246T,0.833444491
p.M246V,0.825203169
p.M246W,1.003942207
p.M246X,1.023233758
p.M246Y,1.006649342
p.N131A,1.22818402
p.N131C,1.038196908
p.N131D,0.884631709
p.N131E,1.026726174
p.N131F,1.065950942
p.N131G,-0.189893485
p.N131H,0.500347079
p.N131I,0.932711164
p.N131K,-0.310219038
p.N131L,0.812799094
p.N131M,1.003772975
p.N131N,-1.240820143
p.N131P,1.026587473
p.N131Q,0.589349934
p.N131R,0.224061981
p.N131S,0.955058588
p.N131T,1.089244614
p.N131V,0.98559044
p.N131W,1.076893652
p.N131X,1.010280906
p.N131Y,1.01265134
p.N200A,-0.936109186
p.N200C,-0.925657848
p.N200D,-1.018207627
p.N200E,-0.240288228
p.N200F,0.851561603
p.N200G,-1.213689367
p.N200H,-1.226136909
p.N200I,-0.090379419
p.N200K,-0.775571278
p.N200L,0.474582014
p.N200M,0.032455778
p.N200N,-1.094103416
p.N200P,-0.355095134
p.N200Q,-1.000426026
p.N200R,-0.872143538
p.N200S,-0.816222912
p.N200T,-1.011774553
p.N200V,-0.645284329
p.N200W,1.00193563
p.N200X,0.956543878
p.N200Y,0.728016179
p.N210A,-1.194770759
p.N210C,-0.534089875
p.N210D,-0.951926297
p.N210E,-0.700858374
p.N210F,-0.963553959
p.N210G,-0.457710423
p.N210H,-1.262351982
p.N210I,-1.160679001
p.N210K,-1.092889692
p.N210L,-1.131772468
p.N210M,-1.596347173
p.N210N,-0.8333127
p.N210P,-0.121315962
p.N210Q,-0.841749803
p.N210R,-0.933987156
p.N210S,-1.143988172
p.N210T,-0.762205953
p.N210V,-0.96875021
p.N210W,-1.012004644
p.N210X,0.969001368
p.N210Y,-0.997537135
p.N235A,-0.795005802
p.N235C,-0.83906232
p.N235D,0.845539625
p.N235E,0.150354391
p.N235F,0.689403527
p.N235G,0.91651449
p.N235H,-0.481857122
p.N235I,-1.04489444
p.N235K,-1.367378765
p.N235L,-0.663145366
p.N235M,-0.738844788
p.N235N,-1.496122641
p.N235P,0.941300531
p.N235Q,-1.514222658
p.N235R,-1.267368854
p.N235S,-0.942913064
p.N235T,-0.951791317
p.N235V,-0.841930033
p.N235W,0.956456269
p.N235X,0.981713029
p.N235Y,0.321910065
p.N239A,1.040299479
p.N239C,0.950883369
p.N239D,0.764574511
p.N239E,0.894810532
p.N239F,-1.475819048
p.N239G,0.943197332
p.N239H,-1.083062894
p.N239I,0.860959766
p.N239K,0.8361812
p.N239L,-1.649570423
p.N239M,-1.394026596
p.N239N,-0.978783199
p.N239P,0.992267154
p.N239Q,0.904921213
p.N239R,-1.07985999
p.N239S,0.817442965
p.N239T,0.870883684
p.N239V,1.107259595
p.N239W,-0.985164803
p.N239X,0.978853348
p.N239Y,-0.175796371
p.N247A,-0.996775044
p.N247C,0.800491776
p.N247D,0.453522673
p.N247E,0.546896017
p.N247F,1.001896172
p.N247G,-0.85190958
p.N247H,-1.181043224
p.N247I,0.929483053
p.N247K,0.245407906
p.N247L,0.984879515
p.N247M,0.361384864
p.N247N,-1.092425432
p.N247P,1.104576647
p.N247Q,-1.048682543
p.N247R,-0.38137042
p.N247S,-1.007559634
p.N247T,0.924852103
p.N247V,0.948296046
p.N247W,0.62407927
p.N247X,1.042660676
p.N247Y,0.70573258
p.N263A,-1.067924787
p.N263C,-0.854106546
p.N263D,-0.77196656
p.N263E,-1.447758241
p.N263F,-1.138262062
p.N263G,-0.847675434
p.N263H,-1.010512451
p.N263I,-0.938006122
p.N263K,-1.130965535
p.N263L,-1.398517018
p.N263M,-1.17559922
p.N263N,-0.951448847
p.N263P,0.896931981
p.N263Q,-0.885361472
p.N263R,-0.941638686
p.N263S,-0.992088955
p.N263T,-0.911853536
p.N263V,-1.090768565
p.N263W,-0.157735706
p.N263X,0.996674036
p.N263Y,-0.696801025
p.N268A,-1.040835643
p.N268C,-1.028224771
p.N268D,-1.081018074
p.N268E,-0.518941327
p.N268F,0.524090502
p.N268G,-0.97138122
p.N268H,-1.021791189
p.N268I,0.720121748
p.N268K,-0.346195177
p.N268L,0.999342171
p.N268M,-0.874124674
p.N268N,-1.167274119
p.N268P,1.006338309
p.N268Q,-1.205708462
p.N268R,-0.826735277
p.N268S,-0.890746687
p.N268T,-0.832945123
p.N268V,0.573972627
p.N268W,1.00504018
p.N268X,1.100984441
p.N268Y,-0.20824683
p.N288A,-0.669878547
p.N288C,-0.46358696
p.N288D,0.492128657
p.N288E,0.758782284
p.N288F,0.072441018
p.N288G,-0.817043008
p.N288H,-1.436731712
p.N288I,-0.545785341
p.N288K,-1.020943251
p.N288L,-0.31633616
p.N288M,-0.337220439
p.N288N,-1.111091971
p.N288P,0.582280587
p.N288Q,-1.19483396
p.N288R,-1.696919838
p.N288S,-0.871205822
p.N288T,-0.801858917
p.N288V,-0.549502157
p.N288W,0.056851768
p.N288X,0.903519143
p.N288Y,-0.732987742
p.P128A,-1.476075681
p.P128C,-0.483152193
p.P128D,-0.842503628
p.P128E,-1.2631101
p.P128F,-0.412337364
p.P128G,-0.611290806
p.P128H,-1.044340054
p.P128I,-0.871143402
p.P128K,-0.656981518
p.P128L,-0.58049816
p.P128M,-0.363582407
p.P128N,-0.767802686
p.P128P,-0.550962192
p.P128Q,-0.650019982
p.P128R,-0.592496174
p.P128S,-0.292551446
p.P128T,-0.833554003
p.P128V,-0.836480153
p.P128W,-0.837999233
p.P128X,1.035420107
p.P128Y,-0.712283526
p.P142A,-0.337620209
p.P142C,-0.691676619
p.P142D,1.077232255
p.P142E,0.783475234
p.P142F,0.881798305
p.P142G,0.974821399
p.P142H,-0.963953167
p.P142I,0.26737929
p.P142K,0.86821477
p.P142L,0.914338614
p.P142M,0.62685767
p.P142N,1.063698018
p.P142P,-1.121143209
p.P142Q,-0.872561152
p.P142R,0.059351366
p.P142S,-0.392996928
p.P142T,0.027128665
p.P142V,-0.514628301
p.P142W,0.923450392
p.P142X,0.982045419
p.P142Y,1.017293753
p.P151A,0.984514771
p.P151C,1.034745104
p.P151D,1.00028905
p.P151E,0.965495733
p.P151F,0.937033549
p.P151G,1.038355288
p.P151H,0.849707547
p.P151I,0.923918899
p.P151K,0.925465801
p.P151L,-0.091085817
p.P151M,1.039090572
p.P151N,1.011072131
p.P151P,-0.670753039
p.P151Q,0.831743514
p.P151R,0.894651176
p.P151S,1.02786933
p.P151T,1.125475103
p.P151V,0.576771551
p.P151W,0.992046045
p.P151X,1.05979866
p.P151Y,1.019555335
p.P152A,0.776027709
p.P152C,0.969842717
p.P152D,1.08876814
p.P152E,0.907704557
p.P152F,1.008643395
p.P152G,0.903578904
p.P152H,1.030618106
p.P152I,1.081256923
p.P152K,1.063022192
p.P152L,0.963418314
p.P152M,0.989001421
p.P152N,1.120064217
p.P152P,-0.77477151
p.P152Q,0.665062305
p.P152R,0.895400398
p.P152S,1.064445476
p.P152T,0.883141081
p.P152V,1.059829584
p.P152W,0.999728819
p.P152X,1.006724492
p.P152Y,0.99026309
p.P153A,-0.422301238
p.P153C,-1.468991917
p.P153D,-1.068123732
p.P153E,-1.583922221
p.P153F,-1.692004632
p.P153G,-0.386525309
p.P153H,-0.487085032
p.P153I,-0.964876278
p.P153K,-1.550325291
p.P153L,-0.44187192
p.P153M,-2.359577223
p.P153N,-1.872320797
p.P153P,-1.278441392
p.P153Q,-0.64795406
p.P153R,-0.603994181
p.P153S,-0.57664465
p.P153T,-0.33233421
p.P153V,-0.123505267
p.P153W,-0.234879405
p.P153X,0.985675607
p.P153Y,-0.978158978
p.P177A,-0.30768029
p.P177C,1.058410657
p.P177D,1.039674294
p.P177E,0.895355287
p.P177F,0.938106687
p.P177G,0.982691914
p.P177H,0.808239934
p.P177I,1.010347856
p.P177K,0.94042759
p.P177L,0.899170134
p.P177M,0.990953629
p.P177N,0.951324876
p.P177P,-0.906635265
p.P177Q,0.889988471
p.P177R,1.035194303
p.P177S,1.08458089
p.P177T,0.83954835
p.P177V,0.966286422
p.P177W,0.911295187
p.P177X,0.989178182
p.P177Y,0.979001392
p.P190A,0.852158252
p.P190C,0.964204791
p.P190D,1.071561349
p.P190E,1.149259494
p.P190F,0.055701721
p.P190G,1.07535693
p.P190H,-0.695631958
p.P190I,1.015517664
p.P190K,0.847639788
p.P190L,1.023037276
p.P190M,0.968401874
p.P190N,-0.08787834
p.P190P,-0.998640765
p.P190Q,1.035051014
p.P190R,0.977299551
p.P190S,0.845497401
p.P190T,0.360573367
p.P190V,1.013119783
p.P190W,0.945678121
p.P190X,1.02201424
p.P190Y,-0.183827884
p.P191A,-0.843391712
p.P191C,-0.393471904
p.P191D,0.347498223
p.P191E,0.218968324
p.P191F,0.899335337
p.P191G,0.136886141
p.P191H,-0.393760605
p.P191I,-0.760024394
p.P191K,-1.261231901
p.P191L,-0.740829914
p.P191M,-0.886043647
p.P191N,-0.957665232
p.P191P,-1.310153855
p.P191Q,-0.948595793
p.P191R,-0.804376916
p.P191S,-0.838543821
p.P191T,-1.122506098
p.P191V,-1.185051702
p.P191W,1.076422107
p.P191X,1.006943069
p.P191Y,0.835458518
p.P219A,0.720511784
p.P219C,0.991895083
p.P219D,-1.452066406
p.P219E,-0.593000879
p.P219F,1.042328991
p.P219G,0.896569155
p.P219H,-0.259418901
p.P219I,1.134866215
p.P219K,0.920449659
p.P219L,0.719955908
p.P219M,0.980942666
p.P219N,0.132413697
p.P219P,-1.058933995
p.P219Q,0.031311219
p.P219R,0.830755189
p.P219S,0.779370335
p.P219T,0.309144433
p.P219V,1.104052739
p.P219W,1.031875987
p.P219X,1.067515327
p.P219Y,1.024553413
p.P222A,-1.050819347
p.P222C,-0.917747876
p.P222D,-0.418288407
p.P222E,-0.968717243
p.P222F,0.380652752
p.P222G,-0.70528076
p.P222H,-0.665225374
p.P222I,-0.455955397
p.P222K,-1.107774444
p.P222L,-0.697883607
p.P222M,-0.830454875
p.P222N,-0.949505849
p.P222P,-0.878327369
p.P222Q,-1.329709966
p.P222R,-1.046649434
p.P222S,-0.943447125
p.P222T,-0.944402467
p.P222V,-0.17106324
p.P222W,0.831775236
p.P222X,1.029211023
p.P222Y,-0.542204073
p.P223A,-0.598391444
p.P223C,0.551136563
p.P223D,0.300962454
p.P223E,0.992352269
p.P223F,1.02853864
p.P223G,1.030679075
p.P223H,0.377787433
p.P223I,0.984097179
p.P223K,0.769955683
p.P223L,0.990501186
p.P223M,0.940859786
p.P223N,0.664246464
p.P223P,-1.328463671
p.P223Q,0.692797852
p.P223R,0.776925743
p.P223S,0.683171764
p.P223T,0.584898344
p.P223V,0.734503847
p.P223W,1.036609553
p.P223X,1.01729055
p.P223Y,0.931649424
p.P250A,-0.504382988
p.P250C,0.932903901
p.P250D,0.965550516
p.P250E,0.902952976
p.P250F,1.049091862
p.P250G,0.723683777
p.P250H,0.904852376
p.P250I,1.088542674
p.P250K,0.662678082
p.P250L,0.886625204
p.P250M,1.161372449
p.P250N,0.897442668
p.P250P,-1.034064594
p.P250Q,-0.397521836
p.P250R,0.751139288
p.P250S,-0.165755068
p.P250T,0.546833029
p.P250V,0.939481169
p.P250W,0.97207171
p.P250X,1.037781501
p.P250Y,1.060466061
p.P278A,-0.097230886
p.P278C,0.967260911
p.P278D,0.948034427
p.P278E,0.853704357
p.P278F,0.851111065
p.P278G,1.100463958
p.P278H,-0.182626738
p.P278I,1.248787967
p.P278K,0.894074498
p.P278L,0.796922552
p.P278M,1.132190513
p.P278N,1.014155985
p.P278P,-1.002533583
p.P278Q,0.965698426
p.P278R,0.08726594
p.P278S,0.95094358
p.P278T,0.017804706
p.P278V,0.990129497
p.P278W,0.965089974
p.P278X,1.02117828
p.P278Y,1.158543144
p.P295A,-0.433259227
p.P295C,-0.828392857
p.P295D,-1.439713354
p.P295E,-1.379696797
p.P295F,-0.867933501
p.P295G,-1.29151563
p.P295H,-1.009384262
p.P295I,-1.260542932
p.P295K,-1.136205711
p.P295L,-1.065108973
p.P295M,-0.41895688
p.P295N,-1.100125403
p.P295P,-1.06696915
p.P295Q,-1.155992577
p.P295R,-1.16964596
p.P295S,-1.206889007
p.P295T,-0.990363911
p.P295V,-0.930058917
p.P295W,-0.752319385
p.P295X,0.962066964
p.P295Y,-1.571202513
p.P300A,-0.957775945
p.P300C,-0.601468933
p.P300D,-0.913167195
p.P300E,-1.022510159
p.P300F,-0.867962846
p.P300G,-0.431809783
p.P300H,-0.940223212
p.P300I,-1.083603954
p.P300K,-1.330776791
p.P300L,-0.765420778
p.P300M,-1.282864483
p.P300N,-1.352339043
p.P300P,-1.156383393
p.P300Q,-1.210213847
p.P300R,-1.417471652
p.P300S,-1.140460187
p.P300T,-0.963142528
p.P300V,-1.525550534
p.P300W,-1.741124283
p.P300X,0.9839901
p.P300Y,-0.859946753
p.P301A,-1.786412518
p.P301C,-1.59667736
p.P301D,-1.247560824
p.P301E,-1.4579437
p.P301F,-0.763175742
p.P301G,-1.562091996
p.P301H,-1.281327132
p.P301I,-1.646239727
p.P301K,-1.518418283
p.P301L,-1.122736316
p.P301M,-1.445387513
p.P301N,-0.830424083
p.P301P,-1.089627459
p.P301Q,-1.025902196
p.P301R,-1.156423649
p.P301S,-1.31826867
p.P301T,-1.091853899
p.P301V,-1.57539946
p.P301W,-1.026716853
p.P301X,1.028254706
p.P301Y,-0.881045283
p.Q136A,0.201542705
p.Q136C,0.66770745
p.Q136D,1.025735169
p.Q136E,1.095832176
p.Q136F,1.033438271
p.Q136G,0.002224226
p.Q136H,0.883319565
p.Q136I,-0.059213437
p.Q136K,-0.972953173
p.Q136L,0.521355019
p.Q136M,-0.743616652
p.Q136N,0.82553157
p.Q136P,1.011097415
p.Q136Q,-0.627430387
p.Q136R,-1.1547751
p.Q136S,-0.577135216
p.Q136T,0.460060728
p.Q136V,-0.230814684
p.Q136W,1.046457071
p.Q136X,0.967086494
p.Q136Y,0.938005617
p.Q144A,1.084294912
p.Q144C,0.908308978
p.Q144D,0.665956734
p.Q144E,-1.516842924
p.Q144F,0.287388365
p.Q144G,0.752232375
p.Q144H,0.348328427
p.Q144I,0.987485867
p.Q144K,0.10046134
p.Q144L,0.31119754
p.Q144M,0.293046555
p.Q144N,-1.002149857
p.Q144P,0.992763319
p.Q144Q,0.104830763
p.Q144R,0.299606762
p.Q144S,-0.558202721
p.Q144T,-0.244964721
p.Q144V,1.019353502
p.Q144W,0.993786073
p.Q144X,0.949640136
p.Q144Y,0.085039633
p.Q165A,-0.987442614
p.Q165C,-1.250758846
p.Q165D,-1.503245189
p.Q165E,-0.662337589
p.Q165F,-0.438458425
p.Q165G,-2.100606604
p.Q165H,-1.157511181
p.Q165I,1.090899666
p.Q165K,-0.994047981
p.Q165L,-0.472806693
p.Q165M,-0.847164204
p.Q165N,-2.130562696
p.Q165P,0.710710708
p.Q165Q,-0.679104111
p.Q165R,-0.7343976
p.Q165S,-2.502663086
p.Q165T,-0.578728386
p.Q165V,0.921101066
p.Q165W,-0.728160944
p.Q165X,1.012369968
p.Q165Y,-1.77929651
p.Q167A,-0.583590099
p.Q167C,-0.388806305
p.Q167D,-0.473295515
p.Q167E,-0.754396921
p.Q167F,-1.272658152
p.Q167G,-0.250708865
p.Q167H,-0.877820582
p.Q167I,-0.857092265
p.Q167K,-1.473113642
p.Q167L,-0.379259554
p.Q167M,-0.332484543
p.Q167N,-1.188907457
p.Q167P,-1.206055654
p.Q167Q,-0.629504527
p.Q167R,-0.84535271
p.Q167S,-0.435151773
p.Q167T,-2.142546401
p.Q167V,-1.401938972
p.Q167W,0.221764702
p.Q167X,0.982630663
p.Q167Y,-0.360674089
p.Q192A,-0.795855217
p.Q192C,-1.18638805
p.Q192D,-0.72396673
p.Q192E,-0.788281904
p.Q192F,-0.087651454
p.Q192G,-0.804438266
p.Q192H,-1.095889624
p.Q192I,0.363459666
p.Q192K,-1.170483605
p.Q192L,-0.984926816
p.Q192M,-1.034840183
p.Q192N,-1.595566252
p.Q192P,-0.680004765
p.Q192Q,-1.379542575
p.Q192R,-0.941378547
p.Q192S,-1.030421111
p.Q192T,-0.721780313
p.Q192V,0.276594433
p.Q192W,-0.530359116
p.Q192X,0.985248944
p.Q192Y,-1.136868491
p.R156A,0.401538555
p.R156C,-1.00939642
p.R156D,1.145808652
p.R156E,1.103132481
p.R156F,-0.799070764
p.R156G,0.961664072
p.R156H,-0.546747289
p.R156I,-1.384760518
p.R156K,-0.634568368
p.R156L,-0.527352284
p.R156M,-0.876386813
p.R156N,-0.569715725
p.R156P,0.823284398
p.R156Q,-1.396645208
p.R156R,-0.877743471
p.R156S,-0.360494869
p.R156T,-2.241756856
p.R156V,-2.589583876
p.R156W,-1.911568105
p.R156X,0.983512728
p.R156Y,-1.730326893
p.R158A,1.008441205
p.R158C,0.739101396
p.R158D,1.173101911
p.R158E,1.034791712
p.R158F,1.055845592
p.R158G,1.003406068
p.R158H,0.887569581
p.R158I,0.905490594
p.R158K,-0.770971507
p.R158L,0.95073418
p.R158M,1.105124339
p.R158N,1.014859368
p.R158P,1.040036205
p.R158Q,1.054587796
p.R158R,-1.053979572
p.R158S,0.199821637
p.R158T,0.939007919
p.R158V,0.702850849
p.R158W,1.003943605
p.R158X,0.962119819
p.R158Y,1.111876052
p.R174A,-0.519868916
p.R174C,0.957345927
p.R174D,0.967367953
p.R174E,1.037754753
p.R174F,0.915470168
p.R174G,0.949490196
p.R174H,-1.382185326
p.R174I,1.049328216
p.R174K,-0.704671161
p.R174L,0.921213668
p.R174M,-0.53705141
p.R174N,0.972837085
p.R174P,1.002021116
p.R174Q,-0.558819034
p.R174R,-0.570876581
p.R174S,0.425262291
p.R174T,-0.948474721
p.R174V,-0.013375277
p.R174W,1.037538008
p.R174X,1.04295586
p.R174Y,1.111512819
p.R175A,-0.723575923
p.R175C,-0.545088957
p.R175D,1.285477011
p.R175E,1.055027362
p.R175F,0.996984149
p.R175G,1.01293661
p.R175H,0.978958638
p.R175I,0.789597041
p.R175K,0.941365416
p.R175L,0.89197303
p.R175M,0.525997322
p.R175N,0.829425236
p.R175P,0.95139032
p.R175Q,1.210086961
p.R175R,-1.093868682
p.R175S,0.528666874
p.R175T,-2.174406112
p.R175V,-1.130770161
p.R175W,0.951614931
p.R175X,0.968473119
p.R175Y,1.006862454
p.R181A,0.761596636
p.R181C,0.97683039
p.R181D,0.948392134
p.R181E,1.025223034
p.R181F,0.738137053
p.R181G,0.851100637
p.R181H,0.586902462
p.R181I,-0.188336862
p.R181K,-0.600416129
p.R181L,-0.361799892
p.R181M,0.709370437
p.R181N,0.885082421
p.R181P,1.082094222
p.R181Q,-0.009303797
p.R181R,-1.099815171
p.R181S,0.816538834
p.R181T,0.615667411
p.R181V,0.617109924
p.R181W,0.803288024
p.R181X,0.976991386
p.R181Y,0.586302073
p.R196A,0.302520681
p.R196C,-0.008025606
p.R196D,0.946895604
p.R196E,1.014665075
p.R196F,0.994786681
p.R196G,0.934239954
p.R196H,0.924019873
p.R196I,0.665102331
p.R196K,-0.750721362
p.R196L,-0.446491138
p.R196M,0.879944335
p.R196N,0.918648011
p.R196P,1.011811756
p.R196Q,0.188278345
p.R196R,-0.947804522
p.R196S,0.981144677
p.R196T,-0.953462619
p.R196V,0.07898281
p.R196W,0.943604857
p.R196X,0.972057886
p.R196Y,1.006727071
p.R202A,-0.947669323
p.R202C,-1.231674515
p.R202D,-1.010992634
p.R202E,-0.888385098
p.R202F,-0.783887896
p.R202G,-1.134772697
p.R202H,-1.103365079
p.R202I,1.00174963
p.R202K,-1.225525331
p.R202L,-0.666540919
p.R202M,-1.00391019
p.R202N,-0.828620486
p.R202P,-1.169450706
p.R202Q,-0.752099578
p.R202R,-0.979515811
p.R202S,-0.957639241
p.R202T,-0.769837077
p.R202V,0.45367386
p.R202W,0.655850478
p.R202X,0.980084103
p.R202Y,-0.860970301
p.R209A,-1.497597407
p.R209C,-1.202434049
p.R209D,-1.14924022
p.R209E,-1.24999891
p.R209F,-1.859294363
p.R209G,-1.154871615
p.R209H,-0.552273483
p.R209I,-1.38006064
p.R209K,-0.793499875
p.R209L,-0.862564546
p.R209M,-0.955271246
p.R209N,-1.029252025
p.R209P,-0.928791026
p.R209Q,-0.882385678
p.R209R,-1.106016854
p.R209S,-0.969757342
p.R209T,-1.14176786
p.R209V,-0.663478091
p.R209W,-0.659824263
p.R209X,0.970040935
p.R209Y,-1.069622803
p.R213A,0.894679293
p.R213C,1.109662508
p.R213D,1.085525444
p.R213E,0.894379575
p.R213F,1.01339351
p.R213G,1.128333268
p.R213H,0.724836859
p.R213I,1.023859849
p.R213K,0.990712678
p.R213L,-0.047584636
p.R213M,0.925929617
p.R213N,1.019475676
p.R213P,1.012754898
p.R213Q,0.808154239
p.R213R,-0.820955365
p.R213S,0.964784211
p.R213T,1.011678325
p.R213V,1.072942314
p.R213W,0.935261959
p.R213X,1.009396623
p.R213Y,0.924566834
p.R248A,0.93899702
p.R248C,0.966812939
p.R248D,0.902373031
p.R248E,0.947206195
p.R248F,0.954990461
p.R248G,0.884173891
p.R248H,0.981887022
p.R248I,1.010445031
p.R248K,0.903811678
p.R248L,1.017716918
p.R248M,0.969082731
p.R248N,0.873388647
p.R248P,0.997908786
p.R248Q,0.767197127
p.R248R,-1.105374972
p.R248S,1.008589732
p.R248T,0.891239024
p.R248V,0.988547766
p.R248W,0.899028793
p.R248X,0.979508261
p.R248Y,0.965213778
p.R249A,0.981660451
p.R249C,0.937418681
p.R249D,1.017260855
p.R249E,0.994515264
p.R249F,0.966979032
p.R249G,0.816704193
p.R249H,0.980171612
p.R249I,1.024450535
p.R249K,0.901267946
p.R249L,0.978277209
p.R249M,0.944219887
p.R249N,1.137156539
p.R249P,0.982801449
p.R249Q,1.015770459
p.R249R,-0.887191537
p.R249S,0.971843522
p.R249T,1.012672545
p.R249V,1.008153346
p.R249W,0.875563962
p.R249X,1.032292193
p.R249Y,0.938798518
p.R267A,1.006644779
p.R267C,0.98229638
p.R267D,0.947699717
p.R267E,0.967334577
p.R267F,1.058647335
p.R267G,0.74789633
p.R267H,0.906346461
p.R267I,1.021235893
p.R267K,0.695246523
p.R267L,0.03902417
p.R267M,1.048934405
p.R267N,1.141902572
p.R267P,0.934587895
p.R267Q,0.755937479
p.R267R,-0.830792772
p.R267S,0.998167018
p.R267T,1.181458731
p.R267V,0.996604634
p.R267W,0.740327967
p.R267X,1.038946663
p.R267Y,1.189283976
p.R273A,0.88313881
p.R273C,0.813738893
p.R273D,0.927270294
p.R273E,0.997529274
p.R273F,0.958079009
p.R273G,0.756708277
p.R273H,0.912351191
p.R273I,1.026463982
p.R273K,-0.1382008
p.R273L,0.653427921
p.R273M,0.963895063
p.R273N,0.966493109
p.R273P,0.909581471
p.R273Q,0.850942843
p.R273R,-1.079196199
p.R273S,-0.26069121
p.R273T,0.763306295
p.R273V,1.063088277
p.R273W,0.937477358
p.R273X,1.031687051
p.R273Y,1.011852012
p.R280A,0.947162481
p.R280C,0.949448556
p.R280D,0.756563212
p.R280E,0.926943451
p.R280F,0.838202899
p.R280G,0.294471353
p.R280H,1.00430134
p.R280I,0.027793391
p.R280K,1.006905222
p.R280L,1.018984278
p.R280M,1.006972833
p.R280N,0.885046121
p.R280P,0.977032629
p.R280Q,0.978631378
p.R280R,-1.065623262
p.R280S,0.428875755
p.R280T,1.074679062
p.R280V,1.054361462
p.R280W,0.973846177
p.R280X,0.657497868
p.R280Y,1.046570373
p.R282A,0.967531091
p.R282C,0.323109064
p.R282D,0.948222982
p.R282E,0.968823154
p.R282F,1.038650744
p.R282G,0.958062196
p.R282H,1.002766403
p.R282I,0.799536202
p.R282K,-0.702277397
p.R282L,-0.568757126
p.R282M,-0.137987182
p.R282N,1.034844374
p.R282P,0.872171421
p.R282Q,0.647133801
p.R282R,-1.038654352
p.R282S,0.99649418
p.R282T,1.062913188
p.R282V,1.066554817
p.R282W,0.908306737
p.R282X,0.988375525
p.R282Y,0.974575406
p.R283A,0.504347031
p.R283C,-0.041331357
p.R283D,0.93745035
p.R283E,0.913189931
p.R283F,0.614184187
p.R283G,-0.105222591
p.R283H,-0.521790681
p.R283I,-0.42113115
p.R283K,-1.534555661
p.R283L,-0.604474986
p.R283M,-0.480838776
p.R283N,-0.809029405
p.R283P,0.942229765
p.R283Q,0.245108762
p.R283R,-0.888081612
p.R283S,-0.313533354
p.R283T,-0.33782954
p.R283V,-0.169846367
p.R283W,0.784342774
p.R283X,1.059108351
p.R283Y,0.621935184
p.R290A,-1.071823945
p.R290C,-0.852829236
p.R290D,-0.488144165
p.R290E,-0.040437917
p.R290F,-1.274043569
p.R290G,-0.627301707
p.R290H,-0.800643449
p.R290I,-0.782722446
p.R290K,-1.69056195
p.R290L,-0.626645711
p.R290M,-0.851515776
p.R290N,-0.881160081
p.R290P,-0.00233793
p.R290Q,-1.343495855
p.R290R,-1.044291022
p.R290S,-1.058753445
p.R290T,-1.076419412
p.R290V,-0.897785383
p.R290W,-0.851347771
p.R290X,1.001136487
p.R290Y,-0.696150831
p.R306A,-1.511417629
p.R306C,-0.607246482
p.R306D,-0.79732362
p.R306E,-0.717654867
p.R306F,-0.681331616
p.R306G,-0.825933537
p.R306H,-0.517213298
p.R306I,-0.83816653
p.R306K,-1.277045365
p.R306L,-0.881409177
p.R306M,-1.073275156
p.R306N,-0.607371608
p.R306P,-1.052404747
p.R306Q,-0.438041857
p.R306R,-0.960440481
p.R306S,-0.824310838
p.R306T,-0.749946363
p.R306V,1.045931516
p.R306W,-0.856153577
p.R306X,0.856166497
p.R306Y,-0.753503006
p.S127A,0.517345928
p.S127C,0.931638794
p.S127D,1.063720381
p.S127E,0.999002108
p.S127F,0.986514792
p.S127G,0.970156699
p.S127H,0.998370267
p.S127I,0.884775075
p.S127K,1.016174047
p.S127L,0.950555462
p.S127M,0.918093956
p.S127N,0.869601894
p.S127P,0.981624604
p.S127Q,0.808691306
p.S127R,0.994763821
p.S127S,-1.150412
p.S127T,0.813304858
p.S127V,1.011323444
p.S127W,0.961149265
p.S127X,1.082317967
p.S127Y,0.342025857
p.S149A,-0.072370037
p.S149C,-0.092748619
p.S149D,-2.018831691
p.S149E,-0.718957365
p.S149F,-0.244655798
p.S149G,-1.65756018
p.S149H,-1.676941038
p.S149I,-1.337282643
p.S149K,-2.645844405
p.S149L,-2.010177527
p.S149M,-1.153523033
p.S149N,-0.702070367
p.S149P,-0.453631023
p.S149Q,-0.810561448
p.S149R,-2.25533547
p.S149S,-0.848423094
p.S149T,-0.187386015
p.S149V,-2.052747358
p.S149W,-1.470417666
p.S149X,1.034886787
p.S149Y,-0.653451696
p.S166A,-1.262850578
p.S166C,-0.294365808
p.S166D,-1.890726688
p.S166E,-2.517412569
p.S166F,-0.813652922
p.S166G,-1.081081706
p.S166H,-1.847710434
p.S166I,-1.589480074
p.S166K,-0.329837865
p.S166L,-1.053635996
p.S166M,-0.396303737
p.S166N,-0.81921145
p.S166P,-1.199857483
p.S166Q,-1.333440625
p.S166R,-1.065842776
p.S166S,-0.685606939
p.S166T,-1.118506503
p.S166V,0.506857923
p.S166W,-0.485565446
p.S166X,1.007841058
p.S166Y,-0.263211731
p.S183A,-0.871907754
p.S183C,-0.589602949
p.S183D,-0.8808504
p.S183E,-0.766349373
p.S183F,-2.545166595
p.S183G,-0.887287579
p.S183H,-1.746942351
p.S183I,-2.433101312
p.S183K,-1.20667739
p.S183L,-1.293404722
p.S183M,-1.17596926
p.S183N,-1.758357939
p.S183P,-1.05326777
p.S183Q,-0.420089506
p.S183R,-0.738459477
p.S183S,-1.106910598
p.S183T,-0.674160095
p.S183V,-1.045610146
p.S183W,-0.296172599
p.S183X,0.881845014
p.S183Y,-1.237139554
p.S185A,-0.895627324
p.S185C,-0.708782974
p.S185D,-0.564249189
p.S185E,-0.194668762
p.S185F,-1.598892363
p.S185G,-0.852949832
p.S185H,-1.584363704
p.S185I,-1.179236273
p.S185K,-2.053465809
p.S185L,-0.95682806
p.S185M,-2.411811868
p.S185N,-1.272659081
p.S185P,-0.587704326
p.S185Q,-1.081475371
p.S185R,-1.024056816
p.S185S,-0.580708653
p.S185T,-0.944672023
p.S185V,-1.635991511
p.S185W,-0.421768146
p.S185X,1.064538028
p.S185Y,-1.429698146
p.S215A,-0.204634191
p.S215C,-0.29671136
p.S215D,1.038320841
p.S215E,0.95867807
p.S215F,0.977786082
p.S215G,0.860239286
p.S215H,1.031979144
p.S215I,0.767445576
p.S215K,0.976156955
p.S215L,1.056238564
p.S215M,0.901645356
p.S215N,0.995912153
p.S215P,1.059773624
p.S215Q,1.108201574
p.S215R,0.904613558
p.S215S,-1.0690676
p.S215T,1.088087124
p.S215V,1.048664251
p.S215W,1.074825022
p.S215X,1.072470187
p.S215Y,0.825116537
p.S227A,-1.46970947
p.S227C,-0.808759438
p.S227D,-1.175835998
p.S227E,-1.036360591
p.S227F,-0.06255049
p.S227G,-0.706273408
p.S227H,-0.233091447
p.S227I,-0.421339111
p.S227K,0.757253107
p.S227L,-0.117697916
p.S227M,-0.776220058
p.S227N,-0.942457506
p.S227P,0.622429177
p.S227Q,-0.050974085
p.S227R,0.620344306
p.S227S,-0.80788072
p.S227T,-1.160376226
p.S227V,-0.84939223
p.S227W,0.247796707
p.S227X,1.015944984
p.S227Y,-0.570911581
p.S240A,0.950086413
p.S240C,0.933205002
p.S240D,0.909548945
p.S240E,0.924227484
p.S240F,0.908556338
p.S240G,0.740762209
p.S240H,0.951721219
p.S240I,0.988717528
p.S240K,1.025831537
p.S240L,0.942813699
p.S240M,0.846725269
p.S240N,-0.641618279
p.S240P,0.961446746
p.S240Q,0.516307598
p.S240R,0.996061255
p.S240S,-0.874580664
p.S240T,-0.397105919
p.S240V,1.067572971
p.S240W,0.961556387
p.S240X,1.022952708
p.S240Y,0.994870603
p.S241A,0.8428011
p.S241C,0.911577131
p.S241D,0.976024827
p.S241E,0.950437094
p.S241F,0.850159652
p.S241G,1.040043277
p.S241H,0.871452311
p.S241I,0.971445727
p.S241K,0.935441567
p.S241L,0.994183048
p.S241M,0.958512566
p.S241N,0.972740124
p.S241P,0.719022452
p.S241Q,0.97355016
p.S241R,0.946433349
p.S241S,-1.066444479
p.S241T,0.85993553
p.S241V,0.988935628
p.S241W,1.009210473
p.S241X,1.020237164
p.S241Y,0.949825194
p.S260A,-1.554781079
p.S260C,-1.357888881
p.S260D,-1.385872137
p.S260E,-1.303413783
p.S260F,-0.938512542
p.S260G,-1.483949034
p.S260H,-1.211220406
p.S260I,-1.067885396
p.S260K,-1.578213509
p.S260L,-0.698505723
p.S260M,-1.239892646
p.S260N,-1.370025486
p.S260P,-0.541212989
p.S260Q,-1.672167489
p.S260R,-0.507626565
p.S260S,-1.451303927
p.S260T,-0.966198676
p.S260V,-1.18634078
p.S260W,-0.693760312
p.S260X,0.999110524
p.S260Y,-0.89437773
p.S261A,0.9818234
p.S261C,-0.925157684
p.S261D,0.848199549
p.S261F,0.96948684
p.S261G,-0.921305458
p.S261H,0.878910251
p.S261I,0.534322388
p.S261L,1.011093001
p.S261N,-0.084737849
p.S261P,0.97745861
p.S261R,-0.954190792
p.S261S,-0.014489881
p.S261T,0.988250959
p.S261V,0.966140552
p.S261X,1.017453672
p.S261Y,1.012431974
p.S269A,-1.070917828
p.S269C,-0.73143296
p.S269D,1.042377128
p.S269E,0.97538752
p.S269F,-0.577683702
p.S269G,0.576469352
p.S269H,-0.523783633
p.S269I,-0.844433755
p.S269K,-0.37490439
p.S269L,-0.616047727
p.S269M,-0.429988715
p.S269N,0.013988478
p.S269P,1.123027355
p.S269Q,0.123109357
p.S269R,0.253115623
p.S269S,-0.906097295
p.S269T,-1.150517929
p.S269V,-1.035326946
p.S269W,-0.204795471
p.S269X,1.07185479
p.S269Y,-0.659379787
p.S303A,-1.16429299
p.S303C,-1.021132822
p.S303D,-0.730110857
p.S303E,-1.086618193
p.S303F,-1.277704261
p.S303G,-1.126918198
p.S303H,-0.588746623
p.S303I,-0.916535962
p.S303K,-1.01504657
p.S303L,-0.515645038
p.S303M,-1.090003166
p.S303N,-1.060719233
p.S303P,-1.394933132
p.S303Q,-1.113598551
p.S303R,-0.938274175
p.S303S,-1.086807206
p.S303T,-0.950669262
p.S303V,-1.134147641
p.S303W,-1.154001369
p.S303X,0.919155261
p.S303Y,-0.969057048
p.T140A,-1.223040686
p.T140C,-0.90282612
p.T140D,0.86693134
p.T140E,0.937706907
p.T140F,0.996587033
p.T140G,0.076112117
p.T140H,0.713157949
p.T140I,-0.307695007
p.T140K,-0.36363005
p.T140L,0.242100546
p.T140M,-0.063649421
p.T140N,-0.037019066
p.T140P,-0.649977493
p.T140Q,-0.287240828
p.T140R,-1.186211967
p.T140S,-1.514349256
p.T140T,-0.934387711
p.T140V,-1.42368689
p.T140W,0.961371838
p.T140X,0.941439392
p.T140Y,1.073207493
p.T150A,-1.115406959
p.T150C,-1.241458208
p.T150D,-1.404252594
p.T150E,-0.928710584
p.T150F,-1.425123071
p.T150G,-1.208320442
p.T150H,-0.99063617
p.T150I,-0.648673119
p.T150K,-0.729343163
p.T150L,-2.247665408
p.T150M,-0.606850132
p.T150N,-1.135870749
p.T150P,-1.066284453
p.T150Q,-1.108235571
p.T150R,-1.239934135
p.T150S,-1.74438308
p.T150T,-1.162943503
p.T150V,-1.933571596
p.T150W,-0.886869485
p.T150X,1.015014845
p.T150Y,-0.582240173
p.T155A,-1.022947122
p.T155C,-1.797635876
p.T155D,0.965365021
p.T155E,1.119653078
p.T155F,0.918642601
p.T155G,0.950309296
p.T155H,1.01422849
p.T155I,0.968032694
p.T155K,1.024345504
p.T155L,0.921525041
p.T155M,0.954941507
p.T155N,1.093124348
p.T155P,0.972099878
p.T155Q,0.98629873
p.T155R,0.909682454
p.T155S,-0.943594127
p.T155T,-1.11847402
p.T155V,0.455045911
p.T155W,1.055976383
p.T155X,1.008413962
p.T155Y,1.051820735
p.T170A,-0.521426225
p.T170C,-1.980868064
p.T170D,0.671032126
p.T170E,0.891395988
p.T170F,-0.300079126
p.T170G,-0.860310914
p.T170H,-1.148505896
p.T170I,-1.249024174
p.T170K,-0.079016233
p.T170L,-0.899632573
p.T170M,-1.313877037
p.T170N,-0.598669603
p.T170P,0.036537852
p.T170Q,0.023493242
p.T170R,-0.340046075
p.T170S,-0.652928767
p.T170T,-1.172624393
p.T170V,-0.648924487
p.T170W,-0.146012278
p.T170X,1.059860361
p.T170Y,-0.900102981
p.T211A,0.905386114
p.T211C,0.448766363
p.T211D,-0.570149713
p.T211E,1.058635661
p.T211F,0.546609588
p.T211G,0.669587339
p.T211H,-0.232551685
p.T211I,0.868561119
p.T211K,1.042886977
p.T211L,0.99323485
p.T211M,0.982287209
p.T211N,-1.079730346
p.T211P,0.874768462
p.T211Q,1.039601009
p.T211R,0.908116732
p.T211S,-1.060817693
p.T211T,-1.087747853
p.T211V,1.051617939
p.T211W,1.029033917
p.T211X,1.051074959
p.T211Y,-0.100313137
p.T230A,-0.677056797
p.T230C,-0.848832992
p.T230D,1.0657576
p.T230E,0.971901024
p.T230F,-1.281922074
p.T230G,1.029137178
p.T230H,-0.308577607
p.T230I,-0.585217871
p.T230K,0.803434039
p.T230L,-0.425229107
p.T230M,-1.518801903
p.T230N,0.887080083
p.T230P,0.988966005
p.T230Q,-0.672593419
p.T230R,-0.722247846
p.T230S,-0.939314924
p.T230T,-1.015264125
p.T230V,-0.650084625
p.T230W,0.739819978
p.T230X,0.992525627
p.T230Y,-0.470226129
p.T231A,0.574193615
p.T231C,-0.067531814
p.T231D,0.952981397
p.T231E,0.149242623
p.T231F,-1.533185384
p.T231G,0.925979577
p.T231H,-0.234417393
p.T231I,-0.959577974
p.T231K,0.890820609
p.T231L,-1.5361799
p.T231M,-1.048383054
p.T231N,0.499399136
p.T231P,0.9933889
p.T231Q,-0.763417572
p.T231R,0.680344631
p.T231S,0.506679751
p.T231T,-1.174584209
p.T231V,-0.955488767
p.T231W,-1.094486661
p.T231X,0.996435805
p.T231Y,-1.650805856
p.T253A,0.856235605
p.T253C,-1.283487938
p.T253D,1.012569547
p.T253E,1.016736917
p.T253F,1.03794232
p.T253G,0.978711776
p.T253H,0.429195604
p.T253I,0.776236754
p.T253K,1.062654101
p.T253L,1.039522205
p.T253M,-1.055041618
p.T253N,0.96980997
p.T253P,0.931790265
p.T253Q,-0.0282172
p.T253R,1.00847263
p.T253S,0.812787175
p.T253T,-0.676633056
p.T253V,0.364849779
p.T253W,0.936930146
p.T253X,0.991449996
p.T253Y,0.918231672
p.T256A,0.655562164
p.T256C,0.016896972
p.T256D,0.69715836
p.T256E,0.84270382
p.T256F,0.982797159
p.T256G,1.053016411
p.T256H,0.770978348
p.T256I,0.865698832
p.T256K,1.002623301
p.T256L,0.912047194
p.T256M,0.24005432
p.T256N,0.797931048
p.T256P,0.923396917
p.T256Q,-0.669494141
p.T256R,0.940734678
p.T256S,-0.003876589
p.T256T,-1.20459383
p.T256V,1.000580714
p.T256W,0.976962692
p.T256X,0.97429079
p.T256Y,1.000891302
p.T284A,-0.861072126
p.T284C,-1.225150505
p.T284D,0.889474795
p.T284E,0.998614062
p.T284F,-0.586664472
p.T284G,-0.46646541
p.T284H,-1.282793033
p.T284I,-1.157980277
p.T284K,-0.933364402
p.T284L,-1.607016942
p.T284M,-1.485881254
p.T284N,-0.865401397
p.T284P,-0.101715836
p.T284Q,-0.749585953
p.T284R,-0.902084259
p.T284S,-0.953709454
p.T284T,-1.196080306
p.T284V,-1.029043722
p.T284W,0.514461717
p.T284X,1.004565715
p.T284Y,-0.057481375
p.T304A,-0.799029095
p.T304C,-1.102246512
p.T304D,-0.900991307
p.T304E,-1.286782802
p.T304F,-1.369973618
p.T304G,-0.8992674
p.T304H,-1.235163787
p.T304I,-0.948392324
p.T304K,-1.192659654
p.T304L,-1.496073186
p.T304M,-1.271674932
p.T304N,-0.943848501
p.T304P,-1.07332246
p.T304Q,-1.345983782
p.T304R,-1.60603466
p.T304S,-1.042602052
p.T304T,-0.959529168
p.T304V,-1.023361745
p.T304W,-0.973453455
p.T304X,1.046377774
p.T304Y,-0.367399927
p.V143A,0.881109992
p.V143C,0.861690114
p.V143D,0.94946379
p.V143E,0.85077072
p.V143F,1.104071731
p.V143G,1.069872291
p.V143H,0.977657182
p.V143I,-0.411214166
p.V143K,0.944204476
p.V143L,0.177518481
p.V143M,0.944504988
p.V143N,1.132803237
p.V143P,1.070985406
p.V143Q,1.010371205
p.V143R,1.10443357
p.V143S,1.08601279
p.V143T,1.038395873
p.V143V,-1.174251373
p.V143W,0.947173898
p.V143X,0.995541653
p.V143Y,1.086688629
p.V147A,0.566327617
p.V147C,-1.870140219
p.V147D,0.922615885
p.V147E,1.0063027
p.V147F,-0.438057365
p.V147G,0.960322754
p.V147H,0.946646075
p.V147I,-0.343145269
p.V147K,1.01902344
p.V147L,-2.222028511
p.V147M,-1.61282673
p.V147N,0.809353835
p.V147P,1.122836991
p.V147Q,1.034382602
p.V147R,0.825468814
p.V147S,1.055150904
p.V147T,-2.502305723
p.V147V,-1.022129609
p.V147W,0.910683373
p.V147X,0.949330348
p.V147Y,1.139356998
p.V157A,0.981188121
p.V157C,0.771619456
p.V157D,1.170981401
p.V157E,1.080636339
p.V157F,0.919152821
p.V157G,0.7840849
p.V157H,1.156171523
p.V157I,-0.746699124
p.V157K,0.882083302
p.V157L,1.06267288
p.V157M,1.101268117
p.V157N,0.980856599
p.V157P,0.933402713
p.V157Q,0.944656147
p.V157R,0.954574149
p.V157S,0.959546048
p.V157T,0.544112642
p.V157V,-1.223600602
p.V157W,0.972426666
p.V157X,0.938404913
p.V157Y,1.095975735
p.V172A,-0.424254198
p.V172C,-0.043584708
p.V172D,0.973766551
p.V172E,1.074633961
p.V172F,0.961764026
p.V172G,0.836140386
p.V172H,1.110342352
p.V172I,-1.938340992
p.V172K,0.900762419
p.V172L,0.260139383
p.V172M,0.806447165
p.V172N,1.002938981
p.V172P,-0.88495215
p.V172Q,0.848412089
p.V172R,0.989658662
p.V172S,0.701908414
p.V172T,-0.25588547
p.V172V,-0.975720932
p.V172W,1.041016559
p.V172X,0.952070076
p.V172Y,0.911984719
p.V173A,0.878407482
p.V173C,1.105359507
p.V173D,0.986855603
p.V173E,0.971077357
p.V173F,0.753007639
p.V173G,0.996240637
p.V173H,1.076320509
p.V173I,1.069198973
p.V173K,1.022793619
p.V173L,1.046110657
p.V173M,0.931208742
p.V173N,0.979628168
p.V173P,0.873969388
p.V173Q,0.935362115
p.V173R,1.141611103
p.V173S,1.053025289
p.V173T,0.878453302
p.V173V,-1.197062144
p.V173W,1.12142262
p.V173X,1.038473334
p.V173Y,1.036462323
p.V197A,-0.581257715
p.V197C,-0.370764106
p.V197D,1.030884497
p.V197E,0.888183844
p.V197F,1.025918933
p.V197G,0.990221951
p.V197H,0.956370251
p.V197I,-1.036078976
p.V197K,0.970852643
p.V197L,0.919500072
p.V197M,1.009977776
p.V197N,1.102437134
p.V197P,1.067585545
p.V197Q,1.101380484
p.V197R,0.977409581
p.V197S,1.197466599
p.V197T,0.82429065
p.V197V,-0.851171523
p.V197W,1.013857973
p.V197X,1.066842051
p.V197Y,0.21681838
p.V203A,-1.150828658
p.V203C,-0.803862034
p.V203D,1.026245377
p.V203E,0.856956194
p.V203F,1.103160487
p.V203G,-0.577947582
p.V203H,1.006787864
p.V203I,0.687362779
p.V203K,-0.810798229
p.V203L,0.889340416
p.V203M,0.70095757
p.V203N,1.086015617
p.V203P,-0.809527925
p.V203Q,-0.989224907
p.V203R,0.933038965
p.V203S,-1.101357476
p.V203T,-0.692881529
p.V203V,-1.102981561
p.V203W,0.84472868
p.V203X,1.040495592
p.V203Y,0.975470107
p.V216A,-1.128238686
p.V216C,-1.406954914
p.V216D,0.948649557
p.V216E,0.972998438
p.V216F,0.930643625
p.V216G,1.019238343
p.V216H,0.924650999
p.V216I,0.800261318
p.V216K,1.000382726
p.V216L,1.026489212
p.V216M,1.021717038
p.V216N,0.947071963
p.V216P,0.929730437
p.V216Q,0.983933994
p.V216R,1.003925996
p.V216S,0.87744334
p.V216T,0.389722693
p.V216V,-0.977547317
p.V216W,1.032560799
p.V216X,1.078234678
p.V216Y,0.973536218
p.V217A,-0.668021148
p.V217C,-1.022331755
p.V217D,1.079186414
p.V217E,0.959107582
p.V217F,0.706921171
p.V217G,0.887429921
p.V217H,0.959041746
p.V217I,-1.974788596
p.V217K,0.990614934
p.V217L,-0.971909277
p.V217M,-0.605183274
p.V217N,0.980899207
p.V217P,1.00986111
p.V217Q,0.958395348
p.V217R,-0.639999681
p.V217S,-0.984296998
p.V217T,-0.743262944
p.V217V,-1.285683155
p.V217W,0.837598674
p.V217X,1.04650003
p.V217Y,1.062289822
p.V218A,0.118395531
p.V218C,-0.592511418
p.V218D,0.909055139
p.V218E,0.832320648
p.V218F,1.070547033
p.V218G,0.851467486
p.V218H,1.106873487
p.V218I,-0.995862439
p.V218K,1.036469199
p.V218L,0.380202494
p.V218M,0.803905574
p.V218N,0.988045912
p.V218P,1.080317093
p.V218Q,1.037075093
p.V218R,1.116541366
p.V218S,1.060445037
p.V218T,0.034207234
p.V218V,-0.91322164
p.V218W,0.948556278
p.V218X,0.974990648
p.V218Y,0.983461071
p.V225A,-1.094417271
p.V225C,-0.119178059
p.V225D,-0.987766019
p.V225E,-0.861146129
p.V225F,-1.21364388
p.V225G,-1.224952659
p.V225H,-1.442336514
p.V225I,-1.127930839
p.V225K,-0.032553927
p.V225L,-1.363678909
p.V225M,-1.120070164
p.V225N,-1.242734189
p.V225P,-0.962110891
p.V225Q,-0.242971104
p.V225R,-0.920902404
p.V225S,-1.041334814
p.V225T,-1.075953326
p.V225V,-1.105864114
p.V225W,-1.188437987
p.V225X,0.515527735
p.V225Y,-0.831078782
p.V22X,0.986811769
p.V272A,0.915747491
p.V272C,0.469268787
p.V272D,0.959193664
p.V272E,0.786638051
p.V272F,1.070422758
p.V272G,0.625103603
p.V272H,1.048193958
p.V272I,0.787963472
p.V272K,0.992736669
p.V272L,0.729328726
p.V272M,0.916544559
p.V272N,1.03455199
p.V272P,0.982404775
p.V272Q,1.043434472
p.V272R,1.007205517
p.V272S,1.019208977
p.V272T,-1.002480501
p.V272V,-0.898630225
p.V272W,1.006564741
p.V272X,0.97644417
p.V272Y,1.000610192
p.V274A,0.924915105
p.V274C,0.957326733
p.V274D,0.773950463
p.V274E,1.067634358
p.V274F,0.873698538
p.V274G,0.017393172
p.V274H,0.973289613
p.V274I,-1.136132035
p.V274K,0.977329207
p.V274L,1.0239018
p.V274M,1.002255744
p.V274N,0.96974116
p.V274P,1.01195069
p.V274Q,1.000846414
p.V274R,1.010165875
p.V274S,1.016165355
p.V274T,0.848162454
p.V274V,-0.899176722
p.V274W,0.917070112
p.V274X,0.997976317
p.V274Y,1.07544484
p.V4X,1.016650206
p.W146A,1.004727178
p.W146C,-1.230878491
p.W146D,1.034128245
p.W146E,0.959680644
p.W146F,-1.436354986
p.W146G,1.039540409
p.W146H,-1.971556907
p.W146I,-1.375641575
p.W146K,-0.612713341
p.W146L,-0.659391865
p.W146M,-2.119834909
p.W146N,0.79470349
p.W146P,1.016921664
p.W146Q,-0.469076481
p.W146R,-1.500845307
p.W146S,0.169473057
p.W146T,0.441343461
p.W146V,-0.986912858
p.W146X,1.017159341
p.W146Y,-2.042053667
p.Y126A,1.204891005
p.Y126C,1.006281431
p.Y126D,0.80559004
p.Y126E,0.936851081
p.Y126F,-0.860477139
p.Y126G,0.928275855
p.Y126H,1.01499895
p.Y126I,1.01305025
p.Y126K,1.02062674
p.Y126L,0.959310008
p.Y126M,0.978085953
p.Y126N,0.770097609
p.Y126P,0.988201997
p.Y126Q,1.016055715
p.Y126R,1.006368955
p.Y126S,1.10059689
p.Y126T,1.080800544
p.Y126V,0.936510641
p.Y126W,-0.727988027
p.Y126X,0.979050554
p.Y126Y,-0.760168197
p.Y163A,0.938486805
p.Y163C,1.013817133
p.Y163D,1.060075514
p.Y163E,0.76022897
p.Y163F,-1.232314107
p.Y163G,0.866940173
p.Y163H,0.903058425
p.Y163I,0.955789063
p.Y163K,0.986493547
p.Y163L,1.126817869
p.Y163M,1.025257519
p.Y163N,0.915023245
p.Y163P,0.987589222
p.Y163Q,0.997465106
p.Y163R,0.981151388
p.Y163S,1.100916449
p.Y163T,1.051731596
p.Y163V,1.15306386
p.Y163W,0.999162951
p.Y163X,0.988477558
p.Y163Y,-1.433225633
p.Y205A,1.125367038
p.Y205C,0.954377936
p.Y205D,0.836636068
p.Y205E,0.952697624
p.Y205F,0.846868031
p.Y205G,1.083123217
p.Y205H,1.050413424
p.Y205I,1.132112416
p.Y205K,1.128289737
p.Y205L,0.953276681
p.Y205M,1.10463504
p.Y205N,1.114005934
p.Y205P,1.008958381
p.Y205Q,1.107082631
p.Y205R,1.129221058
p.Y205S,0.610559676
p.Y205T,0.948747611
p.Y205V,1.068110181
p.Y205W,1.129568862
p.Y205X,0.949115581
p.Y205Y,-1.222995884
p.Y220A,0.886196913
p.Y220C,0.871887956
p.Y220D,0.994276733
p.Y220E,1.024952883
p.Y220F,-0.725135158
p.Y220G,0.918793274
p.Y220H,0.601900713
p.Y220I,0.99512506
p.Y220K,1.024736552
p.Y220L,0.901513764
p.Y220M,0.919138674
p.Y220N,0.875150983
p.Y220P,1.023417156
p.Y220Q,1.10854396
p.Y220R,1.025460549
p.Y220S,0.602600307
p.Y220T,1.034793206
p.Y220V,0.813388
p.Y220W,-0.778054594
p.Y220X,0.935976069
p.Y220Y,-1
p.Y234A,1.06086369
p.Y234C,0.896720292
p.Y234D,0.944455336
p.Y234E,1.055952235
p.Y234F,-0.5235423
p.Y234G,0.971154474
p.Y234H,0.785692784
p.Y234I,-1.078407123
p.Y234K,1.051484841
p.Y234L,-1.147071308
p.Y234M,-0.711141042
p.Y234N,0.869237758
p.Y234P,0.983428638
p.Y234Q,0.995037964
p.Y234R,1.010288623
p.Y234S,0.920101085
p.Y234T,1.005824554
p.Y234V,0.724503175
p.Y234W,0.971586828
p.Y234X,0.969841975
p.Y234Y,-1.035735688
p.Y236A,0.965692219
p.Y236C,0.885348391
p.Y236D,1.031394077
p.Y236E,0.984487003
p.Y236F,-1.001529169
p.Y236G,1.003582349
p.Y236H,0.768653989
p.Y236I,1.031988952
p.Y236K,0.979378445
p.Y236L,1.030498106
p.Y236M,0.997898414
p.Y236N,0.886179102
p.Y236P,0.996118781
p.Y236Q,0.963456598
p.Y236R,1.112328405
p.Y236S,0.987935926
p.Y236T,0.996048984
p.Y236V,1.092568229
p.Y236W,0.722760624
p.Y236X,1.015762094
p.Y236Y,-0.51295615