hgvs_pro,binary_clinvar_class,SYNorPTC
p.A18V,B,
p.R124G,B,
p.T159I,B,
p.F200L,B,
p.G324S,B,
p.P341R,B,
p.M412I,B,
p.T538S,B,
p.K603N,B,
p.V719L,B,
p.T726I,B,
p.R737G,B,
p.R751W,B,
p.E763D,B,
p.V859M,B,
p.W10R,P,
p.L15P,P,
p.L15R,P,
p.C109S,P,
p.C109G,P,
p.C109F,P,
p.R115C,P,
p.C116R,P,
p.C121G,P,
p.F126S,P,
p.V127D,P,
p.C128F,P,
p.C128G,P,
p.C128R,P,
p.D129G,P,
p.D133Y,P,
p.C134F,P,
p.C134Y,P,
p.C134G,P,
p.C134W,P,
p.C134R,P,
p.D139G,P,
p.D139V,P,
p.D139E,P,
p.D139H,P,
p.E140G,P,
p.E140D,P,
p.E140K,P,
p.C143S,P,
p.C143Y,P,
p.C143R,P,
p.C143G,P,
p.C143F,P,
p.C148W,P,
p.C148S,P,
p.C148Y,P,
p.C148R,P,
p.F153C,P,
p.C155R,P,
p.C155G,P,
p.C155Y,P,
p.C155F,P,
p.C160R,P,
p.C160F,P,
p.C160G,P,
p.C160S,P,
p.I161T,P,
p.I161N,P,
p.P162L,P,
p.W165L,P,
p.W165G,P,
p.C167W,P,
p.C167R,P,
p.C167Y,P,
p.D168H,P,
p.D168A,P,
p.D168Y,P,
p.D168G,P,
p.D172Y,P,
p.D172A,P,
p.D172G,P,
p.D172H,P,
p.C173W,P,
p.C173R,P,
p.C173Y,P,
p.C173G,P,
p.D175G,P,
p.D175N,P,
p.S177L,P,
p.S177P,P,
p.D178G,P,
p.D178H,P,
p.D178V,P,
p.D178Y,P,
p.D178N,P,
p.D178E,P,
p.E179G,P,
p.P181R,P,
p.P181L,P,
p.C184W,P,
p.C184S,P,
p.C184F,P,
p.C184R,P,
p.C184Y,P,
p.C197G,P,
p.C197W,P,
p.C204G,P,
p.C204R,P,
p.C204F,P,
p.C204S,P,
p.E208K,P,
p.C209Y,P,
p.C209F,P,
p.C209G,P,
p.W214S,P,
p.C216Y,P,
p.C216R,P,
p.D221H,P,
p.D221G,P,
p.D221V,P,
p.D221Y,P,
p.D221N,P,
p.C222Y,P,
p.C222G,P,
p.C222W,P,
p.C222R,P,
p.C222F,P,
p.K223N,P,
p.D224V,P,
p.D224G,P,
p.D224H,P,
p.D224N,P,
p.D224A,P,
p.S226C,P,
p.D227V,P,
p.E228K,P,
p.E228D,P,
p.E228A,P,
p.E228G,P,
p.E229V,P,
p.C231R,P,
p.C231W,P,
p.C231Y,P,
p.C276R,P,
p.C276G,P,
p.C276W,P,
p.C276Y,P,
p.C284Y,P,
p.C284G,P,
p.C284R,P,
p.C284F,P,
p.S286R,P,
p.G287C,P,
p.E288K,P,
p.C289R,P,
p.C289G,P,
p.I290S,P,
p.K294E,P,
p.C296W,P,
p.C296F,P,
p.C296G,P,
p.R300G,P,
p.D301A,P,
p.D301Y,P,
p.D301G,P,
p.D301V,P,
p.C302F,P,
p.C302W,P,
p.D304N,P,
p.D304Y,P,
p.S306L,P,
p.D307G,P,
p.D307H,P,
p.D307E,P,
p.E308K,P,
p.C313Y,P,
p.C313R,P,
p.C313G,P,
p.C318F,P,
p.C318R,P,
p.C318Y,P,
p.G323V,P,
p.G323C,P,
p.C325F,P,
p.C325R,P,
p.C325Y,P,
p.C325S,P,
p.S326C,P,
p.C329G,P,
p.C329Y,P,
p.C329R,P,
p.C329F,P,
p.G335C,P,
p.C338S,P,
p.C338G,P,
p.C338F,P,
p.C338Y,P,
p.C340G,P,
p.C340Y,P,
p.C340F,P,
p.C340W,P,
p.G343C,P,
p.R350P,P,
p.C352W,P,
p.C352R,P,
p.C352Y,P,
p.D354A,P,
p.D354N,P,
p.D356Y,P,
p.D356A,P,
p.D356V,P,
p.E357K,P,
p.C358G,P,
p.C358R,P,
p.C358Y,P,
p.P361S,P,
p.C364Y,P,
p.C364S,P,
p.C368R,P,
p.C368S,P,
p.C368Y,P,
p.G373V,P,
p.G373C,P,
p.Y375D,P,
p.Y375C,P,
p.C377R,P,
p.C377F,P,
p.C377G,P,
p.C377Y,P,
p.C379Y,P,
p.C379G,P,
p.C379R,P,
p.T389A,P,
p.C392R,P,
p.C392Y,P,
p.C392S,P,
p.K393Q,P,
p.L401F,P,
p.F402S,P,
p.F403S,P,
p.T404I,P,
p.N405K,P,
p.R406Q,P,
p.R406W,P,
p.R406P,P,
p.T413R,P,
p.D415G,P,
p.D415H,P,
p.R416P,P,
p.E418K,P,
p.Y419D,P,
p.I423T,P,
p.N425I,P,
p.L426P,P,
p.V429M,P,
p.A431P,P,
p.L432P,P,
p.V436E,P,
p.I441S,P,
p.Y442N,P,
p.Y442C,P,
p.W443R,P,
p.S444P,P,
p.Q448P,P,
p.T454N,P,
p.G461C,P,
p.P476S,P,
p.G478V,P,
p.G478E,P,
p.A480V,P,
p.A480P,P,
p.D482G,P,
p.D482N,P,
p.I488N,P,
p.W490R,P,
p.D492G,P,
p.D492N,P,
p.T497P,P,
p.S499P,P,
p.K507T,P,
p.L511S,P,
p.V523L,P,
p.V524G,P,
p.W533R,P,
p.D535Y,P,
p.I542S,P,
p.G545R,P,
p.G545W,P,
p.G546R,P,
p.N548K,P,
p.G549V,P,
p.G549D,P,
p.G549R,P,
p.P563S,P,
p.G565V,P,
p.G565A,P,
p.G565S,P,
p.G565R,P,
p.G565C,P,
p.D569N,P,
p.Y576C,P,
p.W577G,P,
p.W577S,P,
p.W577R,P,
p.D579G,P,
p.D579A,P,
p.D579Y,P,
p.S580F,P,
p.H583D,P,
p.H583R,P,
p.H583Y,P,
p.I585N,P,
p.I585T,P,
p.S586P,P,
p.G592V,P,
p.G592E,P,
p.R595W,P,
p.P608R,P,
p.P608S,P,
p.P608H,P,
p.S610P,P,
p.S610F,P,
p.S610Y,P,
p.L611F,P,
p.F614I,P,
p.E615D,P,
p.E615V,P,
p.F619L,P,
p.F619S,P,
p.W620R,P,
p.T621R,P,
p.D622H,P,
p.D622A,P,
p.D622N,P,
p.A627D,P,
p.A627V,P,
p.A631D,P,
p.R633L,P,
p.L642S,P,
p.Q660P,P,
p.G663A,P,
p.G663E,P,
p.C667W,P,
p.C667R,P,
p.C667F,P,
p.C667Y,P,
p.G675S,P,
p.G676R,P,
p.C677R,P,
p.C677F,P,
p.C677Y,P,
p.C681W,P,
p.C681Y,P,
p.C681G,P,
p.L682R,P,
p.P685R,P,
p.P685A,P,
p.P685Q,P,
p.Q686E,P,
p.F694V,P,
p.C696G,P,
p.C696Y,P,
p.C696F,P,
p.C696S,P,
p.C696W,P,
p.A697P,P,
p.C698R,P,
p.C698F,P,
p.C698Y,P,
p.D700N,P,
p.D700G,P,
p.D707Y,P,
p.C711Y,P,
p.C711S,P,
p.C711F,P,
p.E714K,P,
p.E714Q,P,
p.L799R,P,
p.G805E,P,
p.L808V,P,
p.G844D,P,
p.D482H,P,
p.S584P,P,
p.A13A,B,SYN
p.A141A,B,SYN
p.A151A,B,SYN
p.A166A,B,SYN
p.A17A,B,SYN
p.A18A,B,SYN
p.A19A,B,SYN
p.A199A,B,SYN
p.A22A,B,SYN
p.A232A,B,SYN
p.A234A,B,SYN
p.A299A,B,SYN
p.A348A,B,SYN
p.A391A,B,SYN
p.A394A,B,SYN
p.A399A,B,SYN
p.A437A,B,SYN
p.A459A,B,SYN
p.A475A,B,SYN
p.A50A,B,SYN
p.A501A,B,SYN
p.A521A,B,SYN
p.A540A,B,SYN
p.A606A,B,SYN
p.A612A,B,SYN
p.A627A,B,SYN
p.A631A,B,SYN
p.A643A,B,SYN
p.A684A,B,SYN
p.A697A,B,SYN
p.A705A,B,SYN
p.A715A,B,SYN
p.A717A,B,SYN
p.A718A,B,SYN
p.A720A,B,SYN
p.A735A,B,SYN
p.A755A,B,SYN
p.A771A,B,SYN
p.A776A,B,SYN
p.A789A,B,SYN
p.A860A,B,SYN
p.R115R,B,SYN
p.R124R,B,SYN
p.R132R,B,SYN
p.R183R,B,SYN
p.R185R,B,SYN
p.R215R,B,SYN
p.R237R,B,SYN
p.R253R,B,SYN
p.R257R,B,SYN
p.R26R,B,SYN
p.R29R,B,SYN
p.R300R,B,SYN
p.R303R,B,SYN
p.R350R,B,SYN
p.R351R,B,SYN
p.R406R,B,SYN
p.R410R,B,SYN
p.R416R,B,SYN
p.R427R,B,SYN
p.R440R,B,SYN
p.R449R,B,SYN
p.R458R,B,SYN
p.R471R,B,SYN
p.R508R,B,SYN
p.R513R,B,SYN
p.R520R,B,SYN
p.R574R,B,SYN
p.R595R,B,SYN
p.R604R,B,SYN
p.R633R,B,SYN
p.R662R,B,SYN
p.R669R,B,SYN
p.R706R,B,SYN
p.R709R,B,SYN
p.R728R,B,SYN
p.R737R,B,SYN
p.R744R,B,SYN
p.R751R,B,SYN
p.R778R,B,SYN
p.R78R,B,SYN
p.R788R,B,SYN
p.R81R,B,SYN
p.R814R,B,SYN
p.R850R,B,SYN
p.R88R,B,SYN
p.R9R,B,SYN
p.N156N,B,SYN
p.N169N,B,SYN
p.N230N,B,SYN
p.N247N,B,SYN
p.N280N,B,SYN
p.N297N,B,SYN
p.N30N,B,SYN
p.N316N,B,SYN
p.N321N,B,SYN
p.N322N,B,SYN
p.N370N,B,SYN
p.N405N,B,SYN
p.N425N,B,SYN
p.N428N,B,SYN
p.N487N,B,SYN
p.N515N,B,SYN
p.N559N,B,SYN
p.N594N,B,SYN
p.N625N,B,SYN
p.N632N,B,SYN
p.N640N,B,SYN
p.N645N,B,SYN
p.N657N,B,SYN
p.N665N,B,SYN
p.N688N,B,SYN
p.N80N,B,SYN
p.N812N,B,SYN
p.N817N,B,SYN
p.N822N,B,SYN
p.N825N,B,SYN
p.N841N,B,SYN
p.N97N,B,SYN
p.D100D,B,SYN
p.D112D,B,SYN
p.D129D,B,SYN
p.D131D,B,SYN
p.D133D,B,SYN
p.D136D,B,SYN
p.D139D,B,SYN
p.D168D,B,SYN
p.D170D,B,SYN
p.D172D,B,SYN
p.D193D,B,SYN
p.D221D,B,SYN
p.D224D,B,SYN
p.D239D,B,SYN
p.D245D,B,SYN
p.D25D,B,SYN
p.D256D,B,SYN
p.D260D,B,SYN
p.D263D,B,SYN
p.D293D,B,SYN
p.D301D,B,SYN
p.D304D,B,SYN
p.D320D,B,SYN
p.D331D,B,SYN
p.D342D,B,SYN
p.D36D,B,SYN
p.D362D,B,SYN
p.D386D,B,SYN
p.D415D,B,SYN
p.D457D,B,SYN
p.D466D,B,SYN
p.D472D,B,SYN
p.D482D,B,SYN
p.D492D,B,SYN
p.D535D,B,SYN
p.D551D,B,SYN
p.D57D,B,SYN
p.D579D,B,SYN
p.D616D,B,SYN
p.D700D,B,SYN
p.D707D,B,SYN
p.D72D,B,SYN
p.D748D,B,SYN
p.D774D,B,SYN
p.D824D,B,SYN
p.D843D,B,SYN
p.D858D,B,SYN
p.D94D,B,SYN
p.D96D,B,SYN
p.C104C,B,SYN
p.C109C,B,SYN
p.C116C,B,SYN
p.C121C,B,SYN
p.C134C,B,SYN
p.C143C,B,SYN
p.C155C,B,SYN
p.C160C,B,SYN
p.C167C,B,SYN
p.C173C,B,SYN
p.C184C,B,SYN
p.C197C,B,SYN
p.C204C,B,SYN
p.C209C,B,SYN
p.C216C,B,SYN
p.C222C,B,SYN
p.C231C,B,SYN
p.C243C,B,SYN
p.C248C,B,SYN
p.C261C,B,SYN
p.C270C,B,SYN
p.C276C,B,SYN
p.C284C,B,SYN
p.C289C,B,SYN
p.C296C,B,SYN
p.C302C,B,SYN
p.C313C,B,SYN
p.C318C,B,SYN
p.C325C,B,SYN
p.C329C,B,SYN
p.C338C,B,SYN
p.C34C,B,SYN
p.C340C,B,SYN
p.C352C,B,SYN
p.C364C,B,SYN
p.C368C,B,SYN
p.C377C,B,SYN
p.C39C,B,SYN
p.C392C,B,SYN
p.C452C,B,SYN
p.C46C,B,SYN
p.C52C,B,SYN
p.C63C,B,SYN
p.C677C,B,SYN
p.C68C,B,SYN
p.C681C,B,SYN
p.C696C,B,SYN
p.C698C,B,SYN
p.C711C,B,SYN
p.C803C,B,SYN
p.C82C,B,SYN
p.C839C,B,SYN
p.C89C,B,SYN
p.C95C,B,SYN
p.Q102Q,B,SYN
p.Q182Q,B,SYN
p.Q191Q,B,SYN
p.Q345Q,B,SYN
p.Q35Q,B,SYN
p.Q366Q,B,SYN
p.Q53Q,B,SYN
p.Q770Q,B,SYN
p.Q92Q,B,SYN
p.E113E,B,SYN
p.E174E,B,SYN
p.E179E,B,SYN
p.E201E,B,SYN
p.E229E,B,SYN
p.E240E,B,SYN
p.E258E,B,SYN
p.E267E,B,SYN
p.E28E,B,SYN
p.E288E,B,SYN
p.E308E,B,SYN
p.E31E,B,SYN
p.E317E,B,SYN
p.E353E,B,SYN
p.E357E,B,SYN
p.E514E,B,SYN
p.E558E,B,SYN
p.E602E,B,SYN
p.E626E,B,SYN
p.E644E,B,SYN
p.E835E,B,SYN
p.G103G,B,SYN
p.G119G,B,SYN
p.G137G,B,SYN
p.G149G,B,SYN
p.G176G,B,SYN
p.G186G,B,SYN
p.G192G,B,SYN
p.G2G,B,SYN
p.G20G,B,SYN
p.G207G,B,SYN
p.G218G,B,SYN
p.G219G,B,SYN
p.G24G,B,SYN
p.G246G,B,SYN
p.G251G,B,SYN
p.G269G,B,SYN
p.G278G,B,SYN
p.G287G,B,SYN
p.G314G,B,SYN
p.G323G,B,SYN
p.G324G,B,SYN
p.G335G,B,SYN
p.G343G,B,SYN
p.G37G,B,SYN
p.G373G,B,SYN
p.G374G,B,SYN
p.G382G,B,SYN
p.G396G,B,SYN
p.G461G,B,SYN
p.G478G,B,SYN
p.G48G,B,SYN
p.G496G,B,SYN
p.G5G,B,SYN
p.G505G,B,SYN
p.G516G,B,SYN
p.G529G,B,SYN
p.G537G,B,SYN
p.G545G,B,SYN
p.G546G,B,SYN
p.G549G,B,SYN
p.G55G,B,SYN
p.G565G,B,SYN
p.G573G,B,SYN
p.G592G,B,SYN
p.G593G,B,SYN
p.G636G,B,SYN
p.G663G,B,SYN
p.G675G,B,SYN
p.G676G,B,SYN
p.G701G,B,SYN
p.G71G,B,SYN
p.G754G,B,SYN
p.G758G,B,SYN
p.G76G,B,SYN
p.G77G,B,SYN
p.G773G,B,SYN
p.G777G,B,SYN
p.G779G,B,SYN
p.G805G,B,SYN
p.G844G,B,SYN
p.G91G,B,SYN
p.G98G,B,SYN
p.H117H,B,SYN
p.H203H,B,SYN
p.H211H,B,SYN
p.H285H,B,SYN
p.H327H,B,SYN
p.H388H,B,SYN
p.H407H,B,SYN
p.H485H,B,SYN
p.H583H,B,SYN
p.H607H,B,SYN
p.H656H,B,SYN
p.H690H,B,SYN
p.H740H,B,SYN
p.H769H,B,SYN
p.H837H,B,SYN
p.H840H,B,SYN
p.I122I,B,SYN
p.I161I,B,SYN
p.I210I,B,SYN
p.I249I,B,SYN
p.I290I,B,SYN
p.I310I,B,SYN
p.I334I,B,SYN
p.I355I,B,SYN
p.I398I,B,SYN
p.I40I,B,SYN
p.I423I,B,SYN
p.I441I,B,SYN
p.I451I,B,SYN
p.I469I,B,SYN
p.I473I,B,SYN
p.I484I,B,SYN
p.I488I,B,SYN
p.I522I,B,SYN
p.I542I,B,SYN
p.I552I,B,SYN
p.I566I,B,SYN
p.I585I,B,SYN
p.I588I,B,SYN
p.I598I,B,SYN
p.I623I,B,SYN
p.I624I,B,SYN
p.I687I,B,SYN
p.I764I,B,SYN
p.I792I,B,SYN
p.I796I,B,SYN
p.I818I,B,SYN
p.I821I,B,SYN
p.L135L,B,SYN
p.L14L,B,SYN
p.L146L,B,SYN
p.L15L,B,SYN
p.L16L,B,SYN
p.L164L,B,SYN
p.L187L,B,SYN
p.L205L,B,SYN
p.L275L,B,SYN
p.L292L,B,SYN
p.L319L,B,SYN
p.L332L,B,SYN
p.L339L,B,SYN
p.L346L,B,SYN
p.L367L,B,SYN
p.L371L,B,SYN
p.L385L,B,SYN
p.L401L,B,SYN
p.L414L,B,SYN
p.L422L,B,SYN
p.L426L,B,SYN
p.L432L,B,SYN
p.L446L,B,SYN
p.L456L,B,SYN
p.L479L,B,SYN
p.L495L,B,SYN
p.L511L,B,SYN
p.L547L,B,SYN
p.L555L,B,SYN
p.L568L,B,SYN
p.L570L,B,SYN
p.L571L,B,SYN
p.L575L,B,SYN
p.L582L,B,SYN
p.L599L,B,SYN
p.L605L,B,SYN
p.L611L,B,SYN
p.L634L,B,SYN
p.L64L,B,SYN
p.L641L,B,SYN
p.L642L,B,SYN
p.L646L,B,SYN
p.L647L,B,SYN
p.L654L,B,SYN
p.L658L,B,SYN
p.L672L,B,SYN
p.L680L,B,SYN
p.L682L,B,SYN
p.L703L,B,SYN
p.L704L,B,SYN
p.L712L,B,SYN
p.L729L,B,SYN
p.L752L,B,SYN
p.L759L,B,SYN
p.L772L,B,SYN
p.L790L,B,SYN
p.L794L,B,SYN
p.L798L,B,SYN
p.L799L,B,SYN
p.L8L,B,SYN
p.L802L,B,SYN
p.L804L,B,SYN
p.L808L,B,SYN
p.L809L,B,SYN
p.L815L,B,SYN
p.L855L,B,SYN
p.K120K,B,SYN
p.K223K,B,SYN
p.K225K,B,SYN
p.K294K,B,SYN
p.K311K,B,SYN
p.K38K,B,SYN
p.K509K,B,SYN
p.K544K,B,SYN
p.K581K,B,SYN
p.K617K,B,SYN
p.K69K,B,SYN
p.K7K,B,SYN
p.F126F,B,SYN
p.F153F,B,SYN
p.F190F,B,SYN
p.F200F,B,SYN
p.F202F,B,SYN
p.F241F,B,SYN
p.F282F,B,SYN
p.F32F,B,SYN
p.F344F,B,SYN
p.F383F,B,SYN
p.F402F,B,SYN
p.F403F,B,SYN
p.F512F,B,SYN
p.F530F,B,SYN
p.F609F,B,SYN
p.F629F,B,SYN
p.F655F,B,SYN
p.F73F,B,SYN
p.F801F,B,SYN
p.F807F,B,SYN
p.F86F,B,SYN
p.P105P,B,SYN
p.P106P,B,SYN
p.P144P,B,SYN
p.P150P,B,SYN
p.P162P,B,SYN
p.P171P,B,SYN
p.P181P,B,SYN
p.P196P,B,SYN
p.P220P,B,SYN
p.P238P,B,SYN
p.P279P,B,SYN
p.P3P,B,SYN
p.P309P,B,SYN
p.P341P,B,SYN
p.P361P,B,SYN
p.P387P,B,SYN
p.P476P,B,SYN
p.P519P,B,SYN
p.P526P,B,SYN
p.P539P,B,SYN
p.P563P,B,SYN
p.P608P,B,SYN
p.P649P,B,SYN
p.P661P,B,SYN
p.P683P,B,SYN
p.P685P,B,SYN
p.P689P,B,SYN
p.P692P,B,SYN
p.P699P,B,SYN
p.P745P,B,SYN
p.P747P,B,SYN
p.P753P,B,SYN
p.P757P,B,SYN
p.P784P,B,SYN
p.P795P,B,SYN
p.P826P,B,SYN
p.P84P,B,SYN
p.P848P,B,SYN
p.S110S,B,SYN
p.S123S,B,SYN
p.S130S,B,SYN
p.S138S,B,SYN
p.S142S,B,SYN
p.S152S,B,SYN
p.S157S,B,SYN
p.S158S,B,SYN
p.S177S,B,SYN
p.S194S,B,SYN
p.S195S,B,SYN
p.S198S,B,SYN
p.S206S,B,SYN
p.S212S,B,SYN
p.S213S,B,SYN
p.S226S,B,SYN
p.S244S,B,SYN
p.S252S,B,SYN
p.S265S,B,SYN
p.S286S,B,SYN
p.S306S,B,SYN
p.S326S,B,SYN
p.S365S,B,SYN
p.S397S,B,SYN
p.S41S,B,SYN
p.S417S,B,SYN
p.S421S,B,SYN
p.S438S,B,SYN
p.S444S,B,SYN
p.S447S,B,SYN
p.S453S,B,SYN
p.S463S,B,SYN
p.S464S,B,SYN
p.S486S,B,SYN
p.S49S,B,SYN
p.S493S,B,SYN
p.S499S,B,SYN
p.S517S,B,SYN
p.S554S,B,SYN
p.S56S,B,SYN
p.S572S,B,SYN
p.S580S,B,SYN
p.S584S,B,SYN
p.S586S,B,SYN
p.S587S,B,SYN
p.S59S,B,SYN
p.S610S,B,SYN
p.S630S,B,SYN
p.S637S,B,SYN
p.S648S,B,SYN
p.S65S,B,SYN
p.S673S,B,SYN
p.S691S,B,SYN
p.S70S,B,SYN
p.S725S,B,SYN
p.S732S,B,SYN
p.S733S,B,SYN
p.S74S,B,SYN
p.S750S,B,SYN
p.S768S,B,SYN
p.S785S,B,SYN
p.S786S,B,SYN
p.S791S,B,SYN
p.S820S,B,SYN
p.S846S,B,SYN
p.S849S,B,SYN
p.S854S,B,SYN
p.S99S,B,SYN
p.T108T,B,SYN
p.T11T,B,SYN
p.T147T,B,SYN
p.T159T,B,SYN
p.T21T,B,SYN
p.T235T,B,SYN
p.T274T,B,SYN
p.T291T,B,SYN
p.T315T,B,SYN
p.T363T,B,SYN
p.T389T,B,SYN
p.T420T,B,SYN
p.T454T,B,SYN
p.T467T,B,SYN
p.T491T,B,SYN
p.T497T,B,SYN
p.T503T,B,SYN
p.T534T,B,SYN
p.T538T,B,SYN
p.T557T,B,SYN
p.T567T,B,SYN
p.T597T,B,SYN
p.T62T,B,SYN
p.T621T,B,SYN
p.T635T,B,SYN
p.T659T,B,SYN
p.T67T,B,SYN
p.T670T,B,SYN
p.T671T,B,SYN
p.T695T,B,SYN
p.T713T,B,SYN
p.T721T,B,SYN
p.T724T,B,SYN
p.T726T,B,SYN
p.T734T,B,SYN
p.T738T,B,SYN
p.T741T,B,SYN
p.T742T,B,SYN
p.T743T,B,SYN
p.T749T,B,SYN
p.T756T,B,SYN
p.T760T,B,SYN
p.T761T,B,SYN
p.T766T,B,SYN
p.T831T,B,SYN
p.T832T,B,SYN
p.Y188Y,B,SYN
p.Y259Y,B,SYN
p.Y336Y,B,SYN
p.Y375Y,B,SYN
p.Y400Y,B,SYN
p.Y419Y,B,SYN
p.Y42Y,B,SYN
p.Y442Y,B,SYN
p.Y489Y,B,SYN
p.Y532Y,B,SYN
p.Y553Y,B,SYN
p.Y576Y,B,SYN
p.Y845Y,B,SYN
p.Y847Y,B,SYN
p.V12V,B,SYN
p.V127V,B,SYN
p.V145V,B,SYN
p.V189V,B,SYN
p.V23V,B,SYN
p.V233V,B,SYN
p.V268V,B,SYN
p.V271V,B,SYN
p.V273V,B,SYN
p.V295V,B,SYN
p.V328V,B,SYN
p.V347V,B,SYN
p.V369V,B,SYN
p.V395V,B,SYN
p.V409V,B,SYN
p.V429V,B,SYN
p.V430V,B,SYN
p.V436V,B,SYN
p.V45V,B,SYN
p.V462V,B,SYN
p.V468V,B,SYN
p.V481V,B,SYN
p.V494V,B,SYN
p.V498V,B,SYN
p.V500V,B,SYN
p.V506V,B,SYN
p.V523V,B,SYN
p.V524V,B,SYN
p.V527V,B,SYN
p.V550V,B,SYN
p.V556V,B,SYN
p.V578V,B,SYN
p.V590V,B,SYN
p.V613V,B,SYN
p.V618V,B,SYN
p.V639V,B,SYN
p.V653V,B,SYN
p.V66V,B,SYN
p.V664V,B,SYN
p.V719V,B,SYN
p.V727V,B,SYN
p.V731V,B,SYN
p.V736V,B,SYN
p.V746V,B,SYN
p.V762V,B,SYN
p.V765V,B,SYN
p.V775V,B,SYN
p.V787V,B,SYN
p.V79V,B,SYN
p.V793V,B,SYN
p.V797V,B,SYN
p.V800V,B,SYN
p.V806V,B,SYN
p.V827V,B,SYN
p.V836V,B,SYN
p.V853V,B,SYN
p.V859V,B,SYN
p.V93V,B,SYN
p.A13X,P,PTC
p.A141X,P,PTC
p.A151X,P,PTC
p.A166X,P,PTC
p.A199X,P,PTC
p.A19X,P,PTC
p.A22X,P,PTC
p.A232X,P,PTC
p.A234X,P,PTC
p.A299X,P,PTC
p.A394X,P,PTC
p.A399X,P,PTC
p.A459X,P,PTC
p.A475X,P,PTC
p.A480X,P,PTC
p.A501X,P,PTC
p.A50X,P,PTC
p.A521X,P,PTC
p.A540X,P,PTC
p.A606X,P,PTC
p.A612X,P,PTC
p.A627X,P,PTC
p.A631X,P,PTC
p.A643X,P,PTC
p.A684X,P,PTC
p.A697X,P,PTC
p.A715X,P,PTC
p.A717X,P,PTC
p.A718X,P,PTC
p.A720X,P,PTC
p.A735X,P,PTC
p.A755X,P,PTC
p.A771X,P,PTC
p.A789X,P,PTC
p.R115X,P,PTC
p.R124X,P,PTC
p.R132X,P,PTC
p.R183X,P,PTC
p.R185X,P,PTC
p.R237X,P,PTC
p.R253X,P,PTC
p.R257X,P,PTC
p.R26X,P,PTC
p.R29X,P,PTC
p.R300X,P,PTC
p.R303X,P,PTC
p.R350X,P,PTC
p.R351X,P,PTC
p.R406X,P,PTC
p.R410X,P,PTC
p.R416X,P,PTC
p.R427X,P,PTC
p.R440X,P,PTC
p.R458X,P,PTC
p.R471X,P,PTC
p.R508X,P,PTC
p.R513X,P,PTC
p.R520X,P,PTC
p.R574X,P,PTC
p.R595X,P,PTC
p.R604X,P,PTC
p.R633X,P,PTC
p.R662X,P,PTC
p.R669X,P,PTC
p.R706X,P,PTC
p.R709X,P,PTC
p.R728X,P,PTC
p.R737X,P,PTC
p.R744X,P,PTC
p.R751X,P,PTC
p.R778X,P,PTC
p.R788X,P,PTC
p.R78X,P,PTC
p.R814X,P,PTC
p.R81X,P,PTC
p.R850X,P,PTC
p.R88X,P,PTC
p.R9X,P,PTC
p.N156X,P,PTC
p.N169X,P,PTC
p.N230X,P,PTC
p.N247X,P,PTC
p.N272X,P,PTC
p.N280X,P,PTC
p.N297X,P,PTC
p.N30X,P,PTC
p.N316X,P,PTC
p.N321X,P,PTC
p.N322X,P,PTC
p.N330X,P,PTC
p.N405X,P,PTC
p.N425X,P,PTC
p.N428X,P,PTC
p.N439X,P,PTC
p.N487X,P,PTC
p.N548X,P,PTC
p.N564X,P,PTC
p.N591X,P,PTC
p.N594X,P,PTC
p.N625X,P,PTC
p.N640X,P,PTC
p.N645X,P,PTC
p.N665X,P,PTC
p.N688X,P,PTC
p.N80X,P,PTC
p.N817X,P,PTC
p.N819X,P,PTC
p.N822X,P,PTC
p.N825X,P,PTC
p.N841X,P,PTC
p.N97X,P,PTC
p.D100X,P,PTC
p.D112X,P,PTC
p.D118X,P,PTC
p.D129X,P,PTC
p.D131X,P,PTC
p.D133X,P,PTC
p.D136X,P,PTC
p.D139X,P,PTC
p.D168X,P,PTC
p.D170X,P,PTC
p.D172X,P,PTC
p.D175X,P,PTC
p.D178X,P,PTC
p.D193X,P,PTC
p.D217X,P,PTC
p.D221X,P,PTC
p.D224X,P,PTC
p.D227X,P,PTC
p.D239X,P,PTC
p.D245X,P,PTC
p.D256X,P,PTC
p.D25X,P,PTC
p.D260X,P,PTC
p.D263X,P,PTC
p.D266X,P,PTC
p.D293X,P,PTC
p.D301X,P,PTC
p.D304X,P,PTC
p.D307X,P,PTC
p.D320X,P,PTC
p.D331X,P,PTC
p.D342X,P,PTC
p.D354X,P,PTC
p.D356X,P,PTC
p.D360X,P,PTC
p.D362X,P,PTC
p.D36X,P,PTC
p.D386X,P,PTC
p.D415X,P,PTC
p.D433X,P,PTC
p.D457X,P,PTC
p.D472X,P,PTC
p.D482X,P,PTC
p.D502X,P,PTC
p.D525X,P,PTC
p.D535X,P,PTC
p.D54X,P,PTC
p.D551X,P,PTC
p.D569X,P,PTC
p.D57X,P,PTC
p.D589X,P,PTC
p.D601X,P,PTC
p.D616X,P,PTC
p.D622X,P,PTC
p.D638X,P,PTC
p.D700X,P,PTC
p.D707X,P,PTC
p.D72X,P,PTC
p.D748X,P,PTC
p.D774X,P,PTC
p.D824X,P,PTC
p.D834X,P,PTC
p.D843X,P,PTC
p.D857X,P,PTC
p.D90X,P,PTC
p.D94X,P,PTC
p.D96X,P,PTC
p.C104X,P,PTC
p.C109X,P,PTC
p.C116X,P,PTC
p.C121X,P,PTC
p.C128X,P,PTC
p.C134X,P,PTC
p.C143X,P,PTC
p.C148X,P,PTC
p.C155X,P,PTC
p.C160X,P,PTC
p.C167X,P,PTC
p.C173X,P,PTC
p.C184X,P,PTC
p.C197X,P,PTC
p.C204X,P,PTC
p.C209X,P,PTC
p.C216X,P,PTC
p.C222X,P,PTC
p.C231X,P,PTC
p.C236X,P,PTC
p.C243X,P,PTC
p.C248X,P,PTC
p.C255X,P,PTC
p.C261X,P,PTC
p.C270X,P,PTC
p.C276X,P,PTC
p.C27X,P,PTC
p.C284X,P,PTC
p.C289X,P,PTC
p.C302X,P,PTC
p.C313X,P,PTC
p.C318X,P,PTC
p.C325X,P,PTC
p.C329X,P,PTC
p.C338X,P,PTC
p.C340X,P,PTC
p.C34X,P,PTC
p.C352X,P,PTC
p.C358X,P,PTC
p.C364X,P,PTC
p.C368X,P,PTC
p.C377X,P,PTC
p.C379X,P,PTC
p.C392X,P,PTC
p.C39X,P,PTC
p.C452X,P,PTC
p.C46X,P,PTC
p.C52X,P,PTC
p.C63X,P,PTC
p.C667X,P,PTC
p.C677X,P,PTC
p.C681X,P,PTC
p.C68X,P,PTC
p.C696X,P,PTC
p.C698X,P,PTC
p.C711X,P,PTC
p.C75X,P,PTC
p.C803X,P,PTC
p.C82X,P,PTC
p.C839X,P,PTC
p.C89X,P,PTC
p.C95X,P,PTC
p.Q102X,P,PTC
p.Q111X,P,PTC
p.Q125X,P,PTC
p.Q154X,P,PTC
p.Q163X,P,PTC
p.Q182X,P,PTC
p.Q191X,P,PTC
p.Q242X,P,PTC
p.Q254X,P,PTC
p.Q33X,P,PTC
p.Q345X,P,PTC
p.Q349X,P,PTC
p.Q359X,P,PTC
p.Q35X,P,PTC
p.Q366X,P,PTC
p.Q378X,P,PTC
p.Q384X,P,PTC
p.Q448X,P,PTC
p.Q455X,P,PTC
p.Q474X,P,PTC
p.Q53X,P,PTC
p.Q561X,P,PTC
p.Q60X,P,PTC
p.Q660X,P,PTC
p.Q678X,P,PTC
p.Q686X,P,PTC
p.Q722X,P,PTC
p.Q739X,P,PTC
p.Q770X,P,PTC
p.Q829X,P,PTC
p.Q842X,P,PTC
p.Q851X,P,PTC
p.Q85X,P,PTC
p.Q92X,P,PTC
p.E101X,P,PTC
p.E113X,P,PTC
p.E140X,P,PTC
p.E174X,P,PTC
p.E179X,P,PTC
p.E201X,P,PTC
p.E208X,P,PTC
p.E228X,P,PTC
p.E229X,P,PTC
p.E258X,P,PTC
p.E267X,P,PTC
p.E277X,P,PTC
p.E288X,P,PTC
p.E28X,P,PTC
p.E308X,P,PTC
p.E312X,P,PTC
p.E317X,P,PTC
p.E31X,P,PTC
p.E337X,P,PTC
p.E353X,P,PTC
p.E357X,P,PTC
p.E372X,P,PTC
p.E380X,P,PTC
p.E381X,P,PTC
p.E408X,P,PTC
p.E418X,P,PTC
p.E514X,P,PTC
p.E51X,P,PTC
p.E558X,P,PTC
p.E58X,P,PTC
p.E600X,P,PTC
p.E602X,P,PTC
p.E61X,P,PTC
p.E644X,P,PTC
p.E650X,P,PTC
p.E668X,P,PTC
p.E714X,P,PTC
p.E716X,P,PTC
p.E723X,P,PTC
p.E763X,P,PTC
p.E781X,P,PTC
p.E833X,P,PTC
p.E835X,P,PTC
p.E856X,P,PTC
p.G103X,P,PTC
p.G119X,P,PTC
p.G137X,P,PTC
p.G149X,P,PTC
p.G176X,P,PTC
p.G186X,P,PTC
p.G192X,P,PTC
p.G20X,P,PTC
p.G218X,P,PTC
p.G219X,P,PTC
p.G246X,P,PTC
p.G24X,P,PTC
p.G251X,P,PTC
p.G269X,P,PTC
p.G278X,P,PTC
p.G287X,P,PTC
p.G2X,P,PTC
p.G314X,P,PTC
p.G323X,P,PTC
p.G324X,P,PTC
p.G335X,P,PTC
p.G343X,P,PTC
p.G373X,P,PTC
p.G374X,P,PTC
p.G37X,P,PTC
p.G382X,P,PTC
p.G461X,P,PTC
p.G48X,P,PTC
p.G516X,P,PTC
p.G537X,P,PTC
p.G545X,P,PTC
p.G546X,P,PTC
p.G549X,P,PTC
p.G55X,P,PTC
p.G565X,P,PTC
p.G573X,P,PTC
p.G592X,P,PTC
p.G593X,P,PTC
p.G5X,P,PTC
p.G636X,P,PTC
p.G675X,P,PTC
p.G701X,P,PTC
p.G71X,P,PTC
p.G754X,P,PTC
p.G758X,P,PTC
p.G76X,P,PTC
p.G773X,P,PTC
p.G777X,P,PTC
p.G779X,P,PTC
p.G77X,P,PTC
p.G805X,P,PTC
p.G844X,P,PTC
p.G91X,P,PTC
p.H117X,P,PTC
p.H203X,P,PTC
p.H211X,P,PTC
p.H250X,P,PTC
p.H285X,P,PTC
p.H327X,P,PTC
p.H388X,P,PTC
p.H485X,P,PTC
p.H528X,P,PTC
p.H583X,P,PTC
p.H607X,P,PTC
p.H656X,P,PTC
p.H690X,P,PTC
p.H740X,P,PTC
p.H769X,P,PTC
p.H837X,P,PTC
p.H840X,P,PTC
p.I122X,P,PTC
p.I210X,P,PTC
p.I249X,P,PTC
p.I290X,P,PTC
p.I310X,P,PTC
p.I334X,P,PTC
p.I355X,P,PTC
p.I398X,P,PTC
p.I40X,P,PTC
p.I441X,P,PTC
p.I451X,P,PTC
p.I469X,P,PTC
p.I473X,P,PTC
p.I488X,P,PTC
p.I522X,P,PTC
p.I542X,P,PTC
p.I552X,P,PTC
p.I560X,P,PTC
p.I566X,P,PTC
p.I585X,P,PTC
p.I588X,P,PTC
p.I598X,P,PTC
p.I628X,P,PTC
p.I687X,P,PTC
p.I764X,P,PTC
p.I792X,P,PTC
p.I796X,P,PTC
p.I818X,P,PTC
p.I821X,P,PTC
p.I838X,P,PTC
p.L135X,P,PTC
p.L146X,P,PTC
p.L14X,P,PTC
p.L15X,P,PTC
p.L164X,P,PTC
p.L187X,P,PTC
p.L275X,P,PTC
p.L292X,P,PTC
p.L319X,P,PTC
p.L332X,P,PTC
p.L339X,P,PTC
p.L346X,P,PTC
p.L367X,P,PTC
p.L371X,P,PTC
p.L385X,P,PTC
p.L426X,P,PTC
p.L432X,P,PTC
p.L479X,P,PTC
p.L495X,P,PTC
p.L511X,P,PTC
p.L547X,P,PTC
p.L555X,P,PTC
p.L568X,P,PTC
p.L570X,P,PTC
p.L571X,P,PTC
p.L582X,P,PTC
p.L599X,P,PTC
p.L605X,P,PTC
p.L611X,P,PTC
p.L634X,P,PTC
p.L641X,P,PTC
p.L642X,P,PTC
p.L646X,P,PTC
p.L64X,P,PTC
p.L658X,P,PTC
p.L672X,P,PTC
p.L680X,P,PTC
p.L682X,P,PTC
p.L704X,P,PTC
p.L712X,P,PTC
p.L729X,P,PTC
p.L752X,P,PTC
p.L759X,P,PTC
p.L772X,P,PTC
p.L790X,P,PTC
p.L794X,P,PTC
p.L798X,P,PTC
p.L799X,P,PTC
p.L802X,P,PTC
p.L804X,P,PTC
p.L808X,P,PTC
p.L809X,P,PTC
p.L815X,P,PTC
p.L855X,P,PTC
p.L8X,P,PTC
p.K107X,P,PTC
p.K120X,P,PTC
p.K223X,P,PTC
p.K225X,P,PTC
p.K262X,P,PTC
p.K281X,P,PTC
p.K283X,P,PTC
p.K294X,P,PTC
p.K311X,P,PTC
p.K333X,P,PTC
p.K376X,P,PTC
p.K38X,P,PTC
p.K390X,P,PTC
p.K393X,P,PTC
p.K411X,P,PTC
p.K43X,P,PTC
p.K504X,P,PTC
p.K507X,P,PTC
p.K509X,P,PTC
p.K518X,P,PTC
p.K541X,P,PTC
p.K543X,P,PTC
p.K544X,P,PTC
p.K596X,P,PTC
p.K603X,P,PTC
p.K617X,P,PTC
p.K693X,P,PTC
p.K69X,P,PTC
p.K730X,P,PTC
p.K782X,P,PTC
p.K783X,P,PTC
p.K7X,P,PTC
p.K811X,P,PTC
p.K816X,P,PTC
p.K830X,P,PTC
p.M264X,P,PTC
p.M298X,P,PTC
p.M412X,P,PTC
p.M450X,P,PTC
p.M531X,P,PTC
p.M652X,P,PTC
p.M702X,P,PTC
p.M708X,P,PTC
p.M767X,P,PTC
p.M852X,P,PTC
p.F114X,P,PTC
p.F126X,P,PTC
p.F153X,P,PTC
p.F190X,P,PTC
p.F200X,P,PTC
p.F202X,P,PTC
p.F241X,P,PTC
p.F282X,P,PTC
p.F32X,P,PTC
p.F344X,P,PTC
p.F383X,P,PTC
p.F402X,P,PTC
p.F403X,P,PTC
p.F512X,P,PTC
p.F530X,P,PTC
p.F609X,P,PTC
p.F619X,P,PTC
p.F629X,P,PTC
p.F694X,P,PTC
p.F73X,P,PTC
p.F801X,P,PTC
p.F807X,P,PTC
p.F823X,P,PTC
p.F86X,P,PTC
p.P105X,P,PTC
p.P106X,P,PTC
p.P144X,P,PTC
p.P150X,P,PTC
p.P162X,P,PTC
p.P171X,P,PTC
p.P181X,P,PTC
p.P196X,P,PTC
p.P220X,P,PTC
p.P238X,P,PTC
p.P309X,P,PTC
p.P341X,P,PTC
p.P361X,P,PTC
p.P387X,P,PTC
p.P3X,P,PTC
p.P476X,P,PTC
p.P519X,P,PTC
p.P526X,P,PTC
p.P539X,P,PTC
p.P563X,P,PTC
p.P608X,P,PTC
p.P649X,P,PTC
p.P661X,P,PTC
p.P683X,P,PTC
p.P685X,P,PTC
p.P689X,P,PTC
p.P692X,P,PTC
p.P699X,P,PTC
p.P745X,P,PTC
p.P747X,P,PTC
p.P753X,P,PTC
p.P757X,P,PTC
p.P784X,P,PTC
p.P795X,P,PTC
p.P826X,P,PTC
p.P848X,P,PTC
p.P84X,P,PTC
p.S110X,P,PTC
p.S123X,P,PTC
p.S130X,P,PTC
p.S138X,P,PTC
p.S142X,P,PTC
p.S152X,P,PTC
p.S157X,P,PTC
p.S158X,P,PTC
p.S177X,P,PTC
p.S194X,P,PTC
p.S195X,P,PTC
p.S198X,P,PTC
p.S206X,P,PTC
p.S212X,P,PTC
p.S226X,P,PTC
p.S244X,P,PTC
p.S252X,P,PTC
p.S265X,P,PTC
p.S286X,P,PTC
p.S306X,P,PTC
p.S326X,P,PTC
p.S365X,P,PTC
p.S397X,P,PTC
p.S417X,P,PTC
p.S41X,P,PTC
p.S421X,P,PTC
p.S438X,P,PTC
p.S444X,P,PTC
p.S453X,P,PTC
p.S463X,P,PTC
p.S486X,P,PTC
p.S493X,P,PTC
p.S499X,P,PTC
p.S49X,P,PTC
p.S517X,P,PTC
p.S554X,P,PTC
p.S56X,P,PTC
p.S584X,P,PTC
p.S586X,P,PTC
p.S587X,P,PTC
p.S59X,P,PTC
p.S610X,P,PTC
p.S630X,P,PTC
p.S637X,P,PTC
p.S648X,P,PTC
p.S65X,P,PTC
p.S673X,P,PTC
p.S691X,P,PTC
p.S70X,P,PTC
p.S725X,P,PTC
p.S732X,P,PTC
p.S733X,P,PTC
p.S74X,P,PTC
p.S750X,P,PTC
p.S768X,P,PTC
p.S785X,P,PTC
p.S786X,P,PTC
p.S791X,P,PTC
p.S820X,P,PTC
p.S846X,P,PTC
p.S849X,P,PTC
p.S854X,P,PTC
p.S99X,P,PTC
p.T108X,P,PTC
p.T11X,P,PTC
p.T147X,P,PTC
p.T159X,P,PTC
p.T21X,P,PTC
p.T235X,P,PTC
p.T274X,P,PTC
p.T291X,P,PTC
p.T315X,P,PTC
p.T363X,P,PTC
p.T389X,P,PTC
p.T413X,P,PTC
p.T420X,P,PTC
p.T434X,P,PTC
p.T454X,P,PTC
p.T467X,P,PTC
p.T510X,P,PTC
p.T534X,P,PTC
p.T538X,P,PTC
p.T567X,P,PTC
p.T597X,P,PTC
p.T621X,P,PTC
p.T62X,P,PTC
p.T635X,P,PTC
p.T670X,P,PTC
p.T671X,P,PTC
p.T67X,P,PTC
p.T695X,P,PTC
p.T713X,P,PTC
p.T721X,P,PTC
p.T724X,P,PTC
p.T726X,P,PTC
p.T734X,P,PTC
p.T738X,P,PTC
p.T741X,P,PTC
p.T742X,P,PTC
p.T743X,P,PTC
p.T749X,P,PTC
p.T756X,P,PTC
p.T760X,P,PTC
p.T761X,P,PTC
p.T766X,P,PTC
p.T831X,P,PTC
p.T832X,P,PTC
p.W10X,P,PTC
p.W165X,P,PTC
p.W180X,P,PTC
p.W214X,P,PTC
p.W305X,P,PTC
p.W443X,P,PTC
p.W44X,P,PTC
p.W483X,P,PTC
p.W490X,P,PTC
p.W4X,P,PTC
p.W533X,P,PTC
p.W536X,P,PTC
p.W562X,P,PTC
p.W577X,P,PTC
p.W666X,P,PTC
p.W6X,P,PTC
p.W810X,P,PTC
p.W813X,P,PTC
p.W87X,P,PTC
p.Y188X,P,PTC
p.Y259X,P,PTC
p.Y336X,P,PTC
p.Y419X,P,PTC
p.Y42X,P,PTC
p.Y442X,P,PTC
p.Y465X,P,PTC
p.Y489X,P,PTC
p.Y532X,P,PTC
p.Y553X,P,PTC
p.Y576X,P,PTC
p.Y679X,P,PTC
p.Y828X,P,PTC
p.Y845X,P,PTC
p.Y847X,P,PTC
p.V127X,P,PTC
p.V12X,P,PTC
p.V145X,P,PTC
p.V189X,P,PTC
p.V233X,P,PTC
p.V23X,P,PTC
p.V268X,P,PTC
p.V271X,P,PTC
p.V273X,P,PTC
p.V295X,P,PTC
p.V328X,P,PTC
p.V347X,P,PTC
p.V369X,P,PTC
p.V395X,P,PTC
p.V409X,P,PTC
p.V429X,P,PTC
p.V430X,P,PTC
p.V436X,P,PTC
p.V462X,P,PTC
p.V468X,P,PTC
p.V481X,P,PTC
p.V498X,P,PTC
p.V500X,P,PTC
p.V506X,P,PTC
p.V523X,P,PTC
p.V524X,P,PTC
p.V550X,P,PTC
p.V556X,P,PTC
p.V578X,P,PTC
p.V590X,P,PTC
p.V613X,P,PTC
p.V618X,P,PTC
p.V653X,P,PTC
p.V664X,P,PTC
p.V66X,P,PTC
p.V719X,P,PTC
p.V727X,P,PTC
p.V731X,P,PTC
p.V736X,P,PTC
p.V746X,P,PTC
p.V762X,P,PTC
p.V765X,P,PTC
p.V775X,P,PTC
p.V787X,P,PTC
p.V793X,P,PTC
p.V797X,P,PTC
p.V79X,P,PTC
p.V800X,P,PTC
p.V806X,P,PTC
p.V827X,P,PTC
p.V836X,P,PTC
p.V853X,P,PTC
p.V859X,P,PTC
p.V93X,P,PTC